rank,score,grade,author,title,video_id,source_url,ai_chars,method_density,quant_density,risk_density,numeric_count,main_theme,theme_tags,next_action,relative_path
1,94.1,A-立即精提,湖滨四季,死记 13 种分时图，短线买卖不愁,7629742250674752811,https://www.douyin.com/video/7629742250674752811,2189,16,19,15,145,集合竞价开盘,集合竞价开盘;量比换手;尾盘隔夜;技术形态;涨停后路径,用统一模板提取，并进入反证队列,00_收件箱\抖音问AI\湖滨四季\2026-06-30_213010_26_作品26_7629742250674752811.md
2,89.6,A-立即精提,股市不倒翁,只核大学生 1 年 40 倍的 23 条问答精华（一）,7555778667700309274,https://www.douyin.com/video/7555778667700309274,2696,11,11,11,47,情绪周期,情绪周期;产业预期差;题材龙头;风控仓位;集合竞价开盘,用统一模板提取，并进入反证队列,00_收件箱\抖音问AI\股市不倒翁\2026-06-30_203216_46_作品46_7555778667700309274.md
3,87.9,A-立即精提,湖滨四季,炒股的尽头是悟道,7637147892595117347,https://www.douyin.com/video/7637147892595117347,1656,12,11,11,60,技术形态,技术形态;量比换手;风控仓位;尾盘隔夜;集合竞价开盘,用统一模板提取，并进入反证队列,00_收件箱\抖音问AI\湖滨四季\2026-06-30_212228_15_作品15_7637147892595117347.md
4,87.3,A-立即精提,机油手,股市生存指南,,https://www.douyin.com/jingxuan?modal_id=7654540485570219302,1384,13,58,9,60,量比换手,量比换手;集合竞价开盘;尾盘隔夜;技术形态;风控仓位,用统一模板提取，并进入反证队列,00_收件箱\抖音问AI\机油手\2026-06-30_122042_04_机油手：《股市生存指南》第20课_看懂量比（短线必修）.md
5,85.8,A-立即精提,作手新一,低开 #股民,7649803354492072346,https://www.douyin.com/video/7649803354492072346,2362,8,4,34,344,涨停后路径,涨停后路径;集合竞价开盘;量比换手;尾盘隔夜;情绪周期,用统一模板提取，并进入反证队列,00_收件箱\抖音问AI\作手新一\2026-07-01_012817_17_作品17_7649803354492072346.md
6,83.7,A-立即精提,湖滨四季,作品8,7638603647143775497,https://www.douyin.com/video/7638603647143775497,1562,10,24,11,45,集合竞价开盘,集合竞价开盘;涨停后路径;量比换手;风控仓位;技术形态,用统一模板提取，并进入反证队列,00_收件箱\抖音问AI\湖滨四季\2026-06-30_211753_08_作品8_7638603647143775497.md
7,80.0,A-立即精提,湖滨四季,不懂集合竞价，你也敢炒股？,7637498045579414819,https://www.douyin.com/video/7637498045579414819,1501,11,27,6,79,集合竞价开盘,集合竞价开盘;量比换手;涨停后路径;技术形态;尾盘隔夜,用统一模板提取，并进入反证队列,00_收件箱\抖音问AI\湖滨四季\2026-06-30_212142_14_作品14_7637498045579414819.md
8,79.3,A-立即精提,作手新一,量比选股，一秒锁定大牛股,7654662194844477386,https://www.douyin.com/video/7654662194844477386,1237,15,33,4,16,量比换手,量比换手;尾盘隔夜;情绪周期;技术形态;集合竞价开盘,用统一模板提取，并进入反证队列,00_收件箱\抖音问AI\作手新一\2026-07-01_012229_08_作品8_7654662194844477386.md
9,79.2,A-立即精提,湖滨四季,手里仅 10 万？死磕这 5 句，抓个股底部一抓一个准！,7615277389253315855,https://www.douyin.com/video/7615277389253315855,1792,18,6,3,40,技术形态,技术形态;量比换手;题材龙头;风控仓位,用统一模板提取，并进入反证队列,00_收件箱\抖音问AI\湖滨四季\2026-06-30_214805_54_作品54_7615277389253315855.md
10,79.0,A-立即精提,作手新一,涨停后形态,7656956178195183067,https://www.douyin.com/video/7656956178195183067,825,21,13,26,7,涨停后路径,涨停后路径;技术形态;集合竞价开盘;盘口订单流;尾盘隔夜,用统一模板提取，并进入反证队列,00_收件箱\抖音问AI\作手新一\2026-07-01_011835_02_作品2_7656956178195183067.md
11,78.1,A-立即精提,湖滨四季,作品74,7601445809033744851,https://www.douyin.com/video/7601445809033744851,788,10,18,11,32,集合竞价开盘,集合竞价开盘;涨停后路径;风控仓位;量比换手;产业预期差,用统一模板提取，并进入反证队列,00_收件箱\抖音问AI\湖滨四季\2026-06-30_220142_74_作品74_7601445809033744851.md
12,78.0,A-立即精提,湖滨四季,3 万本金，过年快速变 50 万,7637557298025532672,https://www.douyin.com/video/7637557298025532672,1579,9,11,13,25,题材龙头,题材龙头;风控仓位;涨停后路径;集合竞价开盘;龙虎榜席位,用统一模板提取，并进入反证队列,00_收件箱\抖音问AI\湖滨四季\2026-06-30_212059_13_作品13_7637557298025532672.md
13,78.0,A-立即精提,股市不倒翁,股市不倒翁：专做低吸，骑龍诀的 13 年成长经验总结,,https://www.douyin.com/jingxuan?modal_id=7647837634881981696,1526,7,5,10,48,题材龙头,题材龙头;涨停后路径;情绪周期;集合竞价开盘;风控仓位,用统一模板提取，并进入反证队列,00_收件箱\抖音问AI\股市不倒翁\2026-06-30_154710_21_股市不倒翁：专做低吸，骑龍诀的13年成长经验总结.md
14,76.8,A-立即精提,湖滨四季,6 种集合竞价形态，秒抓涨停！,7626985013476724020,https://www.douyin.com/video/7626985013476724020,1181,8,13,9,45,集合竞价开盘,集合竞价开盘;涨停后路径;题材龙头;量比换手;技术形态,用统一模板提取，并进入反证队列,00_收件箱\抖音问AI\湖滨四季\2026-06-30_213401_32_作品32_7626985013476724020.md
15,76.0,A-立即精提,湖滨四季,游资都在用的尾盘持股法，简单八步就能学会,7580763683014348078,https://www.douyin.com/video/7580763683014348078,894,12,17,5,16,技术形态,技术形态;量比换手;尾盘隔夜;涨停后路径;风控仓位,用统一模板提取，并进入反证队列,00_收件箱\抖音问AI\湖滨四季\2026-06-30_222231_107_作品107_7580763683014348078.md
16,75.9,A-立即精提,机油手,股市生存指南,,https://www.douyin.com/jingxuan?modal_id=7654896560316173619,976,8,38,10,30,量比换手,量比换手;技术形态;尾盘隔夜;情绪周期;涨停后路径,用统一模板提取，并进入反证队列,00_收件箱\抖音问AI\机油手\2026-06-30_121722_03_机油手：《股市生存指南》第21课_量比的短线实战应用.md
17,75.8,A-立即精提,木果,作品20,7600358322826497295,https://www.douyin.com/video/7600358322826497295,1069,9,2,11,41,风控仓位,风控仓位;情绪周期;题材龙头;产业预期差;涨停后路径,用统一模板提取，并进入反证队列,00_收件箱\抖音问AI\木果\2026-07-01_023752_20_作品20_7600358322826497295.md
18,75.1,A-立即精提,湖滨四季,3 万 5 年到 7000 万的炒股真相,7637857211947011366,https://www.douyin.com/video/7637857211947011366,1016,11,4,5,49,情绪周期,情绪周期;技术形态;风控仓位;量比换手;涨停后路径,用统一模板提取，并进入反证队列,00_收件箱\抖音问AI\湖滨四季\2026-06-30_212014_12_作品12_7637857211947011366.md
19,75.0,B-主题合并,湖滨四季,3 万 5 年到 7000 万的炒股真相,7638161441710755110,https://www.douyin.com/video/7638161441710755110,1174,12,18,3,3,技术形态,技术形态;量比换手;尾盘隔夜;题材龙头;风控仓位,同主题聚合后提取,00_收件箱\抖音问AI\湖滨四季\2026-06-30_211901_10_作品10_7638161441710755110.md
20,74.7,B-主题合并,湖滨四季,早盘高开别乱追，避坑稳赚,7630870802186947876,https://www.douyin.com/video/7630870802186947876,1017,10,12,16,11,涨停后路径,涨停后路径;集合竞价开盘;技术形态;风控仓位;量比换手,同主题聚合后提取,00_收件箱\抖音问AI\湖滨四季\2026-06-30_212801_23_作品23_7630870802186947876.md
21,74.4,B-主题合并,木果,作品33,7537850162379541800,https://www.douyin.com/video/7537850162379541800,2222,5,3,6,73,风控仓位,风控仓位;集合竞价开盘;技术形态;涨停后路径;产业预期差,同主题聚合后提取,00_收件箱\抖音问AI\木果\2026-07-01_024656_33_作品33_7537850162379541800.md
22,74.1,B-主题合并,湖滨四季,稳赚不赔的 3 条炒股方法,7634538174081027378,https://www.douyin.com/video/7634538174081027378,1596,9,6,4,52,量比换手,量比换手;情绪周期;风控仓位;技术形态;题材龙头,同主题聚合后提取,00_收件箱\抖音问AI\湖滨四季\2026-06-30_212314_16_作品16_7634538174081027378.md
23,73.4,B-主题合并,湖滨四季,10 年私藏超短实战心法,7622712967502499114,https://www.douyin.com/video/7622712967502499114,1827,8,4,17,21,风控仓位,风控仓位;技术形态;量比换手;题材龙头;尾盘隔夜,同主题聚合后提取,00_收件箱\抖音问AI\湖滨四季\2026-06-30_213841_39_作品39_7622712967502499114.md
24,73.4,B-主题合并,湖滨四季,作品2,7644525389594873128,https://www.douyin.com/video/7644525389594873128,1446,7,10,13,30,风控仓位,风控仓位;情绪周期;量比换手;题材龙头;产业预期差,同主题聚合后提取,00_收件箱\抖音问AI\湖滨四季\2026-06-30_211343_02_作品2_7644525389594873128.md
25,72.8,B-主题合并,湖滨四季,作品33,7626746467306294580,https://www.douyin.com/video/7626746467306294580,1275,8,8,6,45,涨停后路径,涨停后路径;量比换手;集合竞价开盘;情绪周期;监管异动,同主题聚合后提取,00_收件箱\抖音问AI\湖滨四季\2026-06-30_213440_33_作品33_7626746467306294580.md
26,72.5,B-主题合并,湖滨四季,主升浪必现 4 个信号,7623766977487654179,https://www.douyin.com/video/7623766977487654179,1207,16,7,3,19,量比换手,量比换手;涨停后路径;技术形态;集合竞价开盘;盘口订单流,同主题聚合后提取,00_收件箱\抖音问AI\湖滨四季\2026-06-30_213756_38_作品38_7623766977487654179.md
27,71.9,B-主题合并,湖滨四季,一招识破趋势票的真假反转,7638947191800876314,https://www.douyin.com/video/7638947191800876314,1237,18,0,1,53,技术形态,技术形态;产业预期差;情绪周期;集合竞价开盘,同主题聚合后提取,00_收件箱\抖音问AI\湖滨四季\2026-06-30_211710_07_作品7_7638947191800876314.md
28,71.5,B-主题合并,湖滨四季,炒股养家必守 7 条铁律，吃透跑赢 9 成散户！,7602627011118451977,https://www.douyin.com/video/7602627011118451977,1660,6,8,13,14,量比换手,量比换手;风控仓位;技术形态;尾盘隔夜;涨停后路径,同主题聚合后提取,00_收件箱\抖音问AI\湖滨四季\2026-06-30_215945_71_作品71_7602627011118451977.md
29,70.8,B-主题合并,湖滨四季,10-100 万炒股，死磕这 10 张分时图,7632672450177797402,https://www.douyin.com/video/7632672450177797402,1971,13,2,8,13,涨停后路径,涨停后路径;技术形态;题材龙头;情绪周期;尾盘隔夜,同主题聚合后提取,00_收件箱\抖音问AI\湖滨四季\2026-06-30_212639_21_作品21_7632672450177797402.md
30,70.5,B-主题合并,湖滨四季,手中资金不多，就死啃这十张分时图！,7579569689265704201,https://www.douyin.com/video/7579569689265704201,1340,8,1,7,40,涨停后路径,涨停后路径;题材龙头;技术形态;尾盘隔夜;集合竞价开盘,同主题聚合后提取,00_收件箱\抖音问AI\湖滨四季\2026-07-01_005414_113_作品113_7579569689265704201.md
31,70.3,B-主题合并,机油手,股市生存指南,7647855328847105323,https://www.douyin.com/video/7647855328847105323,1685,13,6,2,23,技术形态,技术形态;量比换手;产业预期差;尾盘隔夜;情绪周期,同主题聚合后提取,00_收件箱\抖音问AI\机油手\2026-06-30_133151_14_机油手：《股市生存指南》_第9课，看懂均线.md
32,70.3,B-主题合并,湖滨四季,竞价识主力，当天抓涨停,7632317802090663231,https://www.douyin.com/video/7632317802090663231,1102,8,17,5,23,集合竞价开盘,集合竞价开盘;量比换手;涨停后路径,同主题聚合后提取,00_收件箱\抖音问AI\湖滨四季\2026-06-30_212721_22_作品22_7632317802090663231.md
33,70.0,B-主题合并,湖滨四季,20 万到 1 亿的隔夜套利法,7617894247928319266,https://www.douyin.com/video/7617894247928319266,1277,10,9,8,2,尾盘隔夜,尾盘隔夜;风控仓位;情绪周期;涨停后路径;量比换手,同主题聚合后提取,00_收件箱\抖音问AI\湖滨四季\2026-06-30_214352_47_作品47_7617894247928319266.md
34,69.9,B-主题合并,游资语录,作品9,7554999384048487699,https://www.douyin.com/video/7554999384048487699,1147,4,14,18,43,风控仓位,风控仓位;涨停后路径;题材龙头;情绪周期;技术形态,同主题聚合后提取,00_收件箱\抖音问AI\游资语录\2026-06-30_205940_09_作品9_7554999384048487699.md
35,69.8,B-主题合并,湖滨四季,股市稳赚秘籍：两个买点 7 个卖法,7629736355450326326,https://www.douyin.com/video/7629736355450326326,684,13,16,6,13,集合竞价开盘,集合竞价开盘;风控仓位;量比换手;尾盘隔夜;技术形态,同主题聚合后提取,00_收件箱\抖音问AI\湖滨四季\2026-06-30_213048_27_作品27_7629736355450326326.md
36,69.2,B-主题合并,湖滨四季,吃透换手率，短线操作才能精准踩中涨跌节奏,7563747621317266729,https://www.douyin.com/video/7563747621317266729,1198,7,24,5,32,量比换手,量比换手;情绪周期;涨停后路径;风控仓位;技术形态,同主题聚合后提取,00_收件箱\抖音问AI\湖滨四季\2026-07-01_010839_138_作品138_7563747621317266729.md
37,69.1,B-主题合并,游资语录,作品13,7554196502755806527,https://www.douyin.com/video/7554196502755806527,1090,8,10,10,8,风控仓位,风控仓位;情绪周期;题材龙头;集合竞价开盘,同主题聚合后提取,00_收件箱\抖音问AI\游资语录\2026-06-30_210204_13_作品13_7554196502755806527.md
38,69.1,B-主题合并,湖滨四季,龙头战法到底怎么用？,7590728896686068735,https://www.douyin.com/video/7590728896686068735,2468,13,0,8,8,题材龙头,题材龙头;情绪周期;风控仓位;产业预期差;涨停后路径,同主题聚合后提取,00_收件箱\抖音问AI\湖滨四季\2026-06-30_221402_93_作品93_7590728896686068735.md
39,69.0,B-主题合并,机油手,股市生存指南,7649013965002968370,https://www.douyin.com/video/7649013965002968370,2458,3,2,4,338,风控仓位,风控仓位;情绪周期;题材龙头;龙虎榜席位;产业预期差,同主题聚合后提取,00_收件箱\抖音问AI\机油手\2026-06-30_132959_12_机油手：《股市生存指南》_第11课，关于交易模式.md
40,68.8,B-主题合并,湖滨四季,出现这个信号就是见顶了,7592986149346479411,https://www.douyin.com/video/7592986149346479411,980,11,15,6,11,量比换手,量比换手;技术形态;风控仓位,同主题聚合后提取,00_收件箱\抖音问AI\湖滨四季\2026-06-30_221117_89_作品89_7592986149346479411.md
41,68.0,B-主题合并,游资语录,作品14,7553919662510165291,https://www.douyin.com/video/7553919662510165291,770,8,6,12,19,风控仓位,风控仓位;涨停后路径;集合竞价开盘;题材龙头;龙虎榜席位,同主题聚合后提取,00_收件箱\抖音问AI\游资语录\2026-06-30_210241_14_作品14_7553919662510165291.md
42,67.7,B-主题合并,湖滨四季,作品41,7621576010986736939,https://www.douyin.com/video/7621576010986736939,1292,7,6,5,60,涨停后路径,涨停后路径;量比换手;集合竞价开盘;监管异动,同主题聚合后提取,00_收件箱\抖音问AI\湖滨四季\2026-06-30_213957_41_作品41_7621576010986736939.md
43,67.1,B-主题合并,作手新一,三段式 #股民,7655849126227269550,https://www.douyin.com/video/7655849126227269550,2035,10,3,11,8,风控仓位,风控仓位;集合竞价开盘;情绪周期;涨停后路径;龙虎榜席位,同主题聚合后提取,00_收件箱\抖音问AI\作手新一\2026-07-01_012041_05_作品5_7655849126227269550.md
44,66.9,B-主题合并,机油手,股市生存指南 第 4 课：市价单 & 限价单，T+1 制度,7645218488386063631,https://www.douyin.com/video/7645218488386063631,1259,8,8,2,43,集合竞价开盘,集合竞价开盘;尾盘隔夜;产业预期差;盘口订单流;风控仓位,同主题聚合后提取,00_收件箱\抖音问AI\机油手\2026-06-30_133644_19_机油手：股市生存指南_第4课，市价单&限价单，T+1制度.md
45,66.2,B-主题合并,作手新一,作品86,7594329417246076914,https://www.douyin.com/video/7594329417246076914,598,13,19,8,1,集合竞价开盘,集合竞价开盘;量比换手;风控仓位;技术形态,同主题聚合后提取,00_收件箱\抖音问AI\作手新一\2026-07-01_021207_86_作品86_7594329417246076914.md
46,65.8,B-主题合并,湖滨四季,手里只有 10 万？死磕这 5 句开盘黄金口诀,7616023958466399529,https://www.douyin.com/video/7616023958466399529,1036,8,23,5,2,集合竞价开盘,集合竞价开盘;涨停后路径;风控仓位;盘口订单流;量比换手,同主题聚合后提取,00_收件箱\抖音问AI\湖滨四季\2026-06-30_214643_52_作品52_7616023958466399529.md
47,65.7,B-主题合并,木果,以 “徐翔” 第一视角，打开资本神话与规则博弈,7540527056275115310,https://www.douyin.com/video/7540527056275115310,1726,9,5,7,8,风控仓位,风控仓位;涨停后路径;龙虎榜席位;产业预期差;技术形态,同主题聚合后提取,00_收件箱\抖音问AI\木果\2026-07-01_022600_03_作品3_7540527056275115310.md
48,65.6,B-主题合并,湖滨四季,湖滨四季：Ai 应用是不是下个大风口？,7595222507548888358,https://www.douyin.com/video/7595222507548888358,2272,9,0,0,37,产业预期差,产业预期差;长期价值;技术形态;监管异动;题材龙头,同主题聚合后提取,00_收件箱\抖音问AI\湖滨四季\2026-06-30_220931_86_作品86_7595222507548888358.md
49,65.6,B-主题合并,股市不倒翁,00 00~00 09 开场总述,7644917736375651584,https://www.douyin.com/video/7644917736375651584,1560,11,3,1,36,题材龙头,题材龙头;情绪周期;技术形态;集合竞价开盘,同主题聚合后提取,00_收件箱\抖音问AI\股市不倒翁\2026-06-30_201057_28_00_00~00_09_开场总述.md
50,65.6,B-主题合并,股市不倒翁,6.7 风格切换：科技抱团松动，小容量补涨 or 高切低？,7648634231614197044,https://www.douyin.com/video/7648634231614197044,1710,6,2,13,29,题材龙头,题材龙头;情绪周期;涨停后路径;集合竞价开盘;监管异动,同主题聚合后提取,00_收件箱\抖音问AI\股市不倒翁\2026-06-30_200648_21_6.7_风格切换_科技抱团松动_小容量补涨_or_高切低.md
51,65.4,B-主题合并,股市不倒翁,在市场里真正保护你的不是聪明，而是边界,7650451344880373002,https://www.douyin.com/video/7650451344880373002,1182,4,5,19,35,风控仓位,风控仓位;涨停后路径;题材龙头;集合竞价开盘;情绪周期,同主题聚合后提取,00_收件箱\抖音问AI\股市不倒翁\2026-06-30_200320_16_在市场里真正保护你的不是聪明_而是边界.md
52,65.1,B-主题合并,作手新一,炒股弯路,7591852456045821043,https://www.douyin.com/video/7591852456045821043,1422,8,0,1,50,量比换手,量比换手;产业预期差;技术形态;题材龙头;风控仓位,同主题聚合后提取,00_收件箱\抖音问AI\作手新一\2026-07-01_021902_98_作品98_7591852456045821043.md
53,63.5,B-主题合并,湖滨四季,一根 5 日均线，搞定所有交易！,7597430732914543906,https://www.douyin.com/video/7597430732914543906,1061,13,3,5,9,技术形态,技术形态;风控仓位;尾盘隔夜;情绪周期;题材龙头,同主题聚合后提取,00_收件箱\抖音问AI\湖滨四季\2026-06-30_220649_82_作品82_7597430732914543906.md
54,63.2,B-主题合并,湖滨四季,开盘 5 句，定当天盈亏,7612247022741015860,https://www.douyin.com/video/7612247022741015860,1005,5,22,7,11,集合竞价开盘,集合竞价开盘;涨停后路径;量比换手;盘口订单流;风控仓位,同主题聚合后提取,00_收件箱\抖音问AI\湖滨四季\2026-06-30_215112_59_作品59_7612247022741015860.md
55,63.0,B-主题合并,作手新一,分时图主力六大套路,7618649121729540297,https://www.douyin.com/video/7618649121729540297,1002,8,14,5,1,集合竞价开盘,集合竞价开盘;技术形态;涨停后路径;尾盘隔夜;情绪周期,同主题聚合后提取,00_收件箱\抖音问AI\作手新一\2026-07-01_015608_63_作品63_7618649121729540297.md
56,62.9,B-主题合并,作手新一,回调买入法精讲,7643501309262601418,https://www.douyin.com/video/7643501309262601418,919,12,1,9,16,技术形态,技术形态;风控仓位;情绪周期;量比换手;涨停后路径,同主题聚合后提取,00_收件箱\抖音问AI\作手新一\2026-07-01_013644_30_作品30_7643501309262601418.md
57,62.6,B-主题合并,作手新一,成交量：股票操作的 6 种常见心态,7644015357531030922,https://www.douyin.com/video/7644015357531030922,1334,7,21,0,28,量比换手,量比换手;技术形态;盘口订单流;情绪周期,同主题聚合后提取,00_收件箱\抖音问AI\作手新一\2026-07-01_013531_28_作品28_7644015357531030922.md
58,62.6,B-主题合并,湖滨四季,6 种成交量经典形态,7570209198236180072,https://www.douyin.com/video/7570209198236180072,915,9,12,3,35,量比换手,量比换手;技术形态;尾盘隔夜;风控仓位,同主题聚合后提取,00_收件箱\抖音问AI\湖滨四季\2026-07-01_010204_127_作品127_7570209198236180072.md
59,62.4,B-主题合并,湖滨四季,连板就看这 3 个数字,7598911889762267626,https://www.douyin.com/video/7598911889762267626,1020,7,8,4,27,涨停后路径,涨停后路径;集合竞价开盘;量比换手;情绪周期;监管异动,同主题聚合后提取,00_收件箱\抖音问AI\湖滨四季\2026-06-30_220530_80_作品80_7598911889762267626.md
60,62.2,B-主题合并,股市不倒翁,作品39,7639729319291538703,https://www.douyin.com/video/7639729319291538703,1376,3,1,7,64,情绪周期,情绪周期;题材龙头;量比换手;集合竞价开盘;涨停后路径,同主题聚合后提取,00_收件箱\抖音问AI\股市不倒翁\2026-06-30_202449_39_作品39_7639729319291538703.md
61,62.1,B-主题合并,机油手,股市生存指南,7650465964508646698,https://www.douyin.com/video/7650465964508646698,2264,3,10,0,38,集合竞价开盘,集合竞价开盘;技术形态;盘口订单流;量比换手;尾盘隔夜,同主题聚合后提取,00_收件箱\抖音问AI\机油手\2026-06-30_125110_09_机油手：《股市生存指南》_第14课，看懂手机炒股分时界面.md
62,61.7,B-主题合并,股市不倒翁,股市不倒翁：6.10 困难模式,7649725130028879156,https://www.douyin.com/video/7649725130028879156,1047,5,4,7,36,题材龙头,题材龙头;情绪周期;量比换手;产业预期差;涨停后路径,同主题聚合后提取,00_收件箱\抖音问AI\股市不倒翁\2026-06-30_200439_18_股市不倒翁_6.10_困难模式.md
63,61.4,B-主题合并,湖滨四季,3 万 3 年 3000 万，就靠这六种信号,7622084356617604371,https://www.douyin.com/video/7622084356617604371,877,12,7,2,18,技术形态,技术形态;量比换手;涨停后路径;尾盘隔夜,同主题聚合后提取,00_收件箱\抖音问AI\湖滨四季\2026-06-30_213919_40_作品40_7622084356617604371.md
64,60.9,B-主题合并,作手新一,作品31,7643162742249758665,https://www.douyin.com/video/7643162742249758665,721,8,16,4,10,尾盘隔夜,尾盘隔夜;量比换手;风控仓位;涨停后路径,同主题聚合后提取,00_收件箱\抖音问AI\作手新一\2026-07-01_013717_31_作品31_7643162742249758665.md
65,60.9,B-主题合并,股市不倒翁,作品34,7642314734812925219,https://www.douyin.com/video/7642314734812925219,1429,4,2,12,31,情绪周期,情绪周期;题材龙头;产业预期差;涨停后路径;监管异动,同主题聚合后提取,00_收件箱\抖音问AI\股市不倒翁\2026-06-30_202140_34_作品34_7642314734812925219.md
66,60.1,B-主题合并,湖滨四季,一招量价口诀，快速抓住主升浪,7606694353541479914,https://www.douyin.com/video/7606694353541479914,1272,5,2,1,60,量比换手,量比换手;风控仓位;情绪周期;长期价值,同主题聚合后提取,00_收件箱\抖音问AI\湖滨四季\2026-06-30_215511_65_作品65_7606694353541479914.md
67,59.9,C-保留佐证,湖滨四季,A 股 4 个回调的时间窗口,7581666465904987418,https://www.douyin.com/video/7581666465904987418,1083,10,3,12,7,产业预期差,产业预期差;风控仓位;技术形态;长期价值;题材龙头,只作为证据或边界,00_收件箱\抖音问AI\湖滨四季\2026-06-30_222113_105_作品105_7581666465904987418.md
68,59.0,C-保留佐证,作手新一,六个形态,7600111202086020298,https://www.douyin.com/video/7600111202086020298,1264,11,10,0,6,技术形态,技术形态;量比换手;涨停后路径;尾盘隔夜,只作为证据或边界,00_收件箱\抖音问AI\作手新一\2026-07-01_020042_71_作品71_7600111202086020298.md
69,58.5,C-保留佐证,湖滨四季,手中资金不多，就死啃这十张分时图,7564046485768228134,https://www.douyin.com/video/7564046485768228134,1429,8,1,7,12,涨停后路径,涨停后路径;情绪周期;题材龙头;集合竞价开盘;尾盘隔夜,只作为证据或边界,00_收件箱\抖音问AI\湖滨四季\2026-07-01_010759_137_作品137_7564046485768228134.md
70,58.4,C-保留佐证,木果,作品17,7608009437651241893,https://www.douyin.com/video/7608009437651241893,1664,8,4,4,8,龙虎榜席位,龙虎榜席位;情绪周期;题材龙头;量比换手;涨停后路径,只作为证据或边界,00_收件箱\抖音问AI\木果\2026-07-01_023610_17_作品17_7608009437651241893.md
71,58.3,C-保留佐证,游资语录,每个流通股都不一样,7554628801410436406,https://www.douyin.com/video/7554628801410436406,785,4,18,6,18,量比换手,量比换手;情绪周期;涨停后路径;龙虎榜席位;技术形态,只作为证据或边界,00_收件箱\抖音问AI\游资语录\2026-06-30_210016_10_作品10_7554628801410436406.md
72,57.6,C-保留佐证,作手新一,开窍 #股民,7650930448432850314,https://www.douyin.com/video/7650930448432850314,1203,7,6,10,2,技术形态,技术形态;风控仓位;情绪周期;量比换手;尾盘隔夜,只作为证据或边界,00_收件箱\抖音问AI\作手新一\2026-07-01_012650_15_作品15_7650930448432850314.md
73,57.6,C-保留佐证,湖滨四季,作品136,7564426557918317850,https://www.douyin.com/video/7564426557918317850,695,12,19,0,15,量比换手,量比换手;技术形态;尾盘隔夜;涨停后路径,只作为证据或边界,00_收件箱\抖音问AI\湖滨四季\2026-07-01_010717_136_作品136_7564426557918317850.md
74,57.4,C-保留佐证,作手新一,量能 #股票 #股民,7646250192269855398,https://www.douyin.com/video/7646250192269855398,1039,19,6,3,0,量比换手,量比换手;技术形态;情绪周期,只作为证据或边界,00_收件箱\抖音问AI\作手新一\2026-07-01_013211_23_作品23_7646250192269855398.md
75,57.2,C-保留佐证,湖滨四季,作品94,7590565407141063339,https://www.douyin.com/video/7590565407141063339,1049,4,24,4,18,集合竞价开盘,集合竞价开盘;涨停后路径;量比换手;技术形态;风控仓位,只作为证据或边界,00_收件箱\抖音问AI\湖滨四季\2026-06-30_221441_94_作品94_7590565407141063339.md
76,57.0,C-保留佐证,股市不倒翁,00 00~00 09 开场总述,7651952453142711561,https://www.douyin.com/video/7651952453142711561,1289,3,2,8,33,题材龙头,题材龙头;情绪周期;量比换手;技术形态;涨停后路径,只作为证据或边界,00_收件箱\抖音问AI\股市不倒翁\2026-06-30_200121_13_00_00~00_09_开场总述.md
77,56.9,C-保留佐证,作手新一,分时图 #股票 #股民,7647484321465909939,https://www.douyin.com/video/7647484321465909939,1391,5,8,9,0,集合竞价开盘,集合竞价开盘;涨停后路径;技术形态;尾盘隔夜;情绪周期,只作为证据或边界,00_收件箱\抖音问AI\作手新一\2026-07-01_013055_21_作品21_7647484321465909939.md
78,56.8,C-保留佐证,湖滨四季,作品58,7612656188471348522,https://www.douyin.com/video/7612656188471348522,795,9,1,2,31,涨停后路径,涨停后路径;量比换手;技术形态;集合竞价开盘;产业预期差,只作为证据或边界,00_收件箱\抖音问AI\湖滨四季\2026-06-30_215035_58_作品58_7612656188471348522.md
79,56.5,C-保留佐证,作手新一,作品47,7633881700691356105,https://www.douyin.com/video/7633881700691356105,642,14,3,21,2,涨停后路径,涨停后路径;集合竞价开盘;尾盘隔夜;情绪周期,只作为证据或边界,00_收件箱\抖音问AI\作手新一\2026-07-01_014634_47_作品47_7633881700691356105.md
80,56.4,C-保留佐证,湖滨四季,6 大涨停形态口诀,7606350864210578723,https://www.douyin.com/video/7606350864210578723,1458,12,7,1,3,技术形态,技术形态;量比换手;涨停后路径;长期价值,只作为证据或边界,00_收件箱\抖音问AI\湖滨四季\2026-06-30_215556_66_作品66_7606350864210578723.md
81,56.4,C-保留佐证,湖滨四季,开盘 15 分钟，看透全天涨跌,7624867862271888649,https://www.douyin.com/video/7624867862271888649,1368,5,42,1,18,集合竞价开盘,集合竞价开盘;量比换手;技术形态;风控仓位,只作为证据或边界,00_收件箱\抖音问AI\湖滨四季\2026-06-30_213559_35_作品35_7624867862271888649.md
82,56.0,C-保留佐证,机油手,股市生存指南 第 3 课,7645188940307189027,https://www.douyin.com/video/7645188940307189027,928,5,5,2,55,集合竞价开盘,集合竞价开盘;题材龙头;尾盘隔夜,只作为证据或边界,00_收件箱\抖音问AI\机油手\2026-06-30_133742_20_机油手：股市生存指南_第3课，在哪里交易.md
83,55.8,C-保留佐证,湖滨四季,10 年炒股总结，A 股 4 个暴跌时间节点,7620297840979381540,https://www.douyin.com/video/7620297840979381540,1290,5,2,6,29,产业预期差,产业预期差;题材龙头;风控仓位;技术形态;长期价值,只作为证据或边界,00_收件箱\抖音问AI\湖滨四季\2026-06-30_214143_44_作品44_7620297840979381540.md
84,55.6,C-保留佐证,木果,作品7,7638034286297484586,https://www.douyin.com/video/7638034286297484586,2251,0,4,6,28,产业预期差,产业预期差;风控仓位;技术形态;盘口订单流;题材龙头,只作为证据或边界,00_收件箱\抖音问AI\木果\2026-07-01_022904_07_作品7_7638034286297484586.md
85,55.3,C-保留佐证,作手新一,买点 #股票 #股民,7641404008523795758,https://www.douyin.com/video/7641404008523795758,719,14,4,3,7,技术形态,技术形态;量比换手;情绪周期;风控仓位;尾盘隔夜,只作为证据或边界,00_收件箱\抖音问AI\作手新一\2026-07-01_013936_35_作品35_7641404008523795758.md
86,55.2,C-保留佐证,机油手,股市生存指南,7646416323987229994,https://www.douyin.com/video/7646416323987229994,1171,10,8,3,3,技术形态,技术形态;尾盘隔夜;集合竞价开盘;产业预期差,只作为证据或边界,00_收件箱\抖音问AI\机油手\2026-06-30_133336_16_机油手：《股市生存指南》_第7课，六种单根K线形态.md
87,55.2,C-保留佐证,湖滨四季,春晚广告等于未来两年财富密码，2026 必看 4 大风口,7607881443263408361,https://www.douyin.com/video/7607881443263408361,2338,3,1,0,324,产业预期差,产业预期差;题材龙头,只作为证据或边界,00_收件箱\抖音问AI\湖滨四季\2026-06-30_215347_63_作品63_7607881443263408361.md
88,55.1,C-保留佐证,湖滨四季,手里股票低开！到底死扛还是跑路？,7595242028837899566,https://www.douyin.com/video/7595242028837899566,726,5,9,15,2,集合竞价开盘,集合竞价开盘;涨停后路径;情绪周期;量比换手;尾盘隔夜,只作为证据或边界,00_收件箱\抖音问AI\湖滨四季\2026-06-30_220835_85_作品85_7595242028837899566.md
89,55.1,C-保留佐证,湖滨四季,股票大涨前，4 个信号瞒不住！,7641217469096545546,https://www.douyin.com/video/7641217469096545546,1258,17,2,1,12,量比换手,量比换手;技术形态;涨停后路径;集合竞价开盘;题材龙头,只作为证据或边界,00_收件箱\抖音问AI\湖滨四季\2026-06-30_211558_05_作品5_7641217469096545546.md
90,54.8,C-保留佐证,湖滨四季,3 万 5 年到 7000 万的炒股真相,7637860464717860105,https://www.douyin.com/video/7637860464717860105,876,8,8,4,8,量比换手,量比换手;技术形态;长期价值;产业预期差;情绪周期,只作为证据或边界,00_收件箱\抖音问AI\湖滨四季\2026-06-30_211937_11_作品11_7637860464717860105.md
91,54.7,C-保留佐证,湖滨四季,涨停后怎么做？,7566635701905163462,https://www.douyin.com/video/7566635701905163462,790,4,5,5,23,涨停后路径,涨停后路径;集合竞价开盘;尾盘隔夜;量比换手;盘口订单流,只作为证据或边界,00_收件箱\抖音问AI\湖滨四季\2026-07-01_010538_133_作品133_7566635701905163462.md
92,54.6,C-保留佐证,股市不倒翁,作品32,7643427658885401856,https://www.douyin.com/video/7643427658885401856,932,8,1,7,20,题材龙头,题材龙头;情绪周期;量比换手;技术形态;监管异动,只作为证据或边界,00_收件箱\抖音问AI\股市不倒翁\2026-06-30_202012_32_作品32_7643427658885401856.md
93,54.5,C-保留佐证,游资语录,作品11,7554617882039110931,https://www.douyin.com/video/7554617882039110931,822,2,4,6,30,风控仓位,风控仓位;情绪周期;技术形态;涨停后路径;题材龙头,只作为证据或边界,00_收件箱\抖音问AI\游资语录\2026-06-30_210051_11_作品11_7554617882039110931.md
94,54.3,C-保留佐证,木果,以 “一瞬流光” 第一视角，打开从认知崩塌到资金过亿,7623197744261238035,https://www.douyin.com/video/7623197744261238035,1862,5,6,4,10,情绪周期,情绪周期;龙虎榜席位;技术形态;风控仓位;监管异动,只作为证据或边界,00_收件箱\抖音问AI\木果\2026-07-01_023302_13_作品13_7623197744261238035.md
95,54.2,C-保留佐证,作手新一,逆袭 #股民 #股票,7636843938057375150,https://www.douyin.com/video/7636843938057375150,907,3,6,13,22,风控仓位,风控仓位;涨停后路径;题材龙头;龙虎榜席位,只作为证据或边界,00_收件箱\抖音问AI\作手新一\2026-07-01_014526_45_作品45_7636843938057375150.md
96,54.2,C-保留佐证,股市不倒翁,作品33,7642637249523305768,https://www.douyin.com/video/7642637249523305768,1545,3,9,20,4,风控仓位,风控仓位;情绪周期;题材龙头;涨停后路径;技术形态,只作为证据或边界,00_收件箱\抖音问AI\股市不倒翁\2026-06-30_202056_33_作品33_7642637249523305768.md
97,54.0,C-保留佐证,木果,以 “鑫多多” 第一视角，打开周期交易的真相,7636607585499516198,https://www.douyin.com/video/7636607585499516198,1133,5,3,1,36,产业预期差,产业预期差;长期价值;盘口订单流;风控仓位,只作为证据或边界,00_收件箱\抖音问AI\木果\2026-07-01_022941_08_作品8_7636607585499516198.md
98,53.8,C-保留佐证,湖滨四季,怎么买到明天能涨停的票？（第一集）,7644523051002006818,https://www.douyin.com/video/7644523051002006818,762,5,12,1,15,尾盘隔夜,尾盘隔夜;量比换手;技术形态;涨停后路径,只作为证据或边界,00_收件箱\抖音问AI\湖滨四季\2026-06-30_211438_03_作品3_7644523051002006818.md
99,53.5,C-保留佐证,湖滨四季,作品24,7630843738671107347,https://www.douyin.com/video/7630843738671107347,555,4,12,15,13,集合竞价开盘,集合竞价开盘;涨停后路径;尾盘隔夜;风控仓位;技术形态,只作为证据或边界,00_收件箱\抖音问AI\湖滨四季\2026-06-30_212836_24_作品24_7630843738671107347.md
100,53.3,C-保留佐证,湖滨四季,委比都看不懂，你还敢炒股？,7597429672439221556,https://www.douyin.com/video/7597429672439221556,1163,6,3,1,29,盘口订单流,盘口订单流;量比换手;集合竞价开盘,只作为证据或边界,00_收件箱\抖音问AI\湖滨四季\2026-06-30_220729_83_作品83_7597429672439221556.md
101,53.1,C-保留佐证,木果,作品35,7532957707435789603,https://www.douyin.com/video/7532957707435789603,1099,2,3,3,48,长期价值,长期价值;技术形态;盘口订单流;风控仓位,只作为证据或边界,00_收件箱\抖音问AI\木果\2026-07-01_024842_35_作品35_7532957707435789603.md
102,53.1,C-保留佐证,机油手,股市生存指南,7653104800736824617,https://www.douyin.com/video/7653104800736824617,2192,8,1,2,9,盘口订单流,盘口订单流;题材龙头;龙虎榜席位,只作为证据或边界,00_收件箱\抖音问AI\机油手\2026-06-30_132310_05_机油手：《股市生存指南》第19课_看懂委比.md
103,53.0,C-保留佐证,作手新一,翻身,7637344632976934322,https://www.douyin.com/video/7637344632976934322,1133,2,0,7,48,风控仓位,风控仓位;题材龙头,只作为证据或边界,00_收件箱\抖音问AI\作手新一\2026-07-01_014450_44_作品44_7637344632976934322.md
104,52.9,C-保留佐证,股市不倒翁,作品45,7557310156250385664,https://www.douyin.com/video/7557310156250385664,2418,8,3,4,5,情绪周期,情绪周期;题材龙头;风控仓位;技术形态;量比换手,只作为证据或边界,00_收件箱\抖音问AI\股市不倒翁\2026-06-30_203119_45_作品45_7557310156250385664.md
105,52.7,C-保留佐证,股市不倒翁,作品35,7641950870774517044,https://www.douyin.com/video/7641950870774517044,779,7,3,6,19,情绪周期,情绪周期;监管异动;长期价值;产业预期差;题材龙头,只作为证据或边界,00_收件箱\抖音问AI\股市不倒翁\2026-06-30_202217_35_作品35_7641950870774517044.md
106,52.4,C-保留佐证,作手新一,作品10,7652440429970899802,https://www.douyin.com/video/7652440429970899802,945,8,8,3,6,尾盘隔夜,尾盘隔夜;情绪周期;集合竞价开盘;题材龙头;风控仓位,只作为证据或边界,00_收件箱\抖音问AI\作手新一\2026-07-01_012346_10_作品10_7652440429970899802.md
107,52.4,C-保留佐证,木果,以 “杰西・利弗莫尔” 第一视角，打开投机之王传奇人生,7530539680438160666,https://www.douyin.com/video/7530539680438160666,1491,9,1,3,19,技术形态,技术形态;情绪周期;风控仓位,只作为证据或边界,00_收件箱\抖音问AI\木果\2026-07-01_025018_37_作品37_7530539680438160666.md
108,52.1,C-保留佐证,作手新一,位置 #股民 #股票,7633488064899385766,https://www.douyin.com/video/7633488064899385766,727,0,10,20,12,涨停后路径,涨停后路径;集合竞价开盘;量比换手;情绪周期;盘口订单流,只作为证据或边界,00_收件箱\抖音问AI\作手新一\2026-07-01_014713_48_作品48_7633488064899385766.md
109,51.8,C-保留佐证,作手新一,底量过顶,7592873562970290779,https://www.douyin.com/video/7592873562970290779,1029,17,8,1,1,量比换手,量比换手;技术形态,只作为证据或边界,00_收件箱\抖音问AI\作手新一\2026-07-01_021634_94_作品94_7592873562970290779.md
110,51.7,C-保留佐证,湖滨四季,作品60,7611044560780905451,https://www.douyin.com/video/7611044560780905451,649,8,9,2,17,尾盘隔夜,尾盘隔夜;量比换手;技术形态;集合竞价开盘;涨停后路径,只作为证据或边界,00_收件箱\抖音问AI\湖滨四季\2026-06-30_215146_60_作品60_7611044560780905451.md
111,51.5,C-保留佐证,作手新一,macd #股民,7653353677173187994,https://www.douyin.com/video/7653353677173187994,1387,13,0,3,8,技术形态,技术形态;产业预期差;风控仓位,只作为证据或边界,00_收件箱\抖音问AI\作手新一\2026-07-01_012309_09_作品9_7653353677173187994.md
112,51.5,C-保留佐证,湖滨四季,炒股的 12 条避坑心得,7575914376008437027,https://www.douyin.com/video/7575914376008437027,1549,0,3,11,21,题材龙头,题材龙头;风控仓位;情绪周期;涨停后路径;集合竞价开盘,只作为证据或边界,00_收件箱\抖音问AI\湖滨四季\2026-07-01_005633_117_作品117_7575914376008437027.md
113,51.4,C-保留佐证,作手新一,选股 #股票 #股民,7640553635085160422,https://www.douyin.com/video/7640553635085160422,1457,6,13,0,0,量比换手,量比换手;技术形态;题材龙头;尾盘隔夜,只作为证据或边界,00_收件箱\抖音问AI\作手新一\2026-07-01_014049_37_作品37_7640553635085160422.md
114,51.1,C-保留佐证,股市不倒翁,00 00~00 09 开场总述,7651220791404662067,https://www.douyin.com/video/7651220791404662067,1157,4,0,7,28,题材龙头,题材龙头;情绪周期;涨停后路径;技术形态;产业预期差,只作为证据或边界,00_收件箱\抖音问AI\股市不倒翁\2026-06-30_200242_15_00_00~00_09_开场总述.md
115,50.6,C-保留佐证,股市不倒翁,股市不倒翁：消闲派紫阳东路的108条精华语录,,https://www.douyin.com/jingxuan?modal_id=7621851363114372392,1470,4,4,14,1,题材龙头,题材龙头;情绪周期;涨停后路径;风控仓位;龙虎榜席位,只作为证据或边界,00_收件箱\抖音问AI\股市不倒翁\2026-06-30_160321_39_股市不倒翁：消闲派紫阳东路的108条精华语录.md
116,50.3,C-保留佐证,湖滨四季,作品31,7627165485842304290,https://www.douyin.com/video/7627165485842304290,815,18,5,0,7,量比换手,量比换手;涨停后路径;集合竞价开盘;技术形态,只作为证据或边界,00_收件箱\抖音问AI\湖滨四季\2026-06-30_213321_31_作品31_7627165485842304290.md
117,50.0,C-保留佐证,游资语录,作品4,7555813926194171172,https://www.douyin.com/video/7555813926194171172,790,0,6,9,12,风控仓位,风控仓位;涨停后路径;情绪周期;量比换手;题材龙头,只作为证据或边界,00_收件箱\抖音问AI\游资语录\2026-06-30_205632_04_作品4_7555813926194171172.md
118,49.9,C-保留佐证,木果,作品1,7563854203886587176,https://www.douyin.com/video/7563854203886587176,2084,4,1,3,24,情绪周期,情绪周期;监管异动;题材龙头,只作为证据或边界,00_收件箱\抖音问AI\木果\2026-07-01_022431_01_作品1_7563854203886587176.md
119,49.9,C-保留佐证,湖滨四季,选股技巧，五大要素,7565931451410124078,https://www.douyin.com/video/7565931451410124078,789,4,6,5,18,量比换手,量比换手;题材龙头;技术形态;长期价值;风控仓位,只作为证据或边界,00_收件箱\抖音问AI\湖滨四季\2026-07-01_010613_134_作品134_7565931451410124078.md
120,49.6,C-保留佐证,股市不倒翁,永无止境,7572510689990888739,https://www.douyin.com/video/7572510689990888739,770,5,2,4,47,技术形态,技术形态;风控仓位,只作为证据或边界,00_收件箱\抖音问AI\股市不倒翁\2026-06-30_202605_42_作品42_7572510689990888739.md
121,49.3,C-保留佐证,木果,以 “卡尔・伊坎” 第一视角，打开华尔街狼王传奇人生,7535808556461788467,https://www.douyin.com/video/7535808556461788467,1556,3,0,0,208,技术形态,技术形态;龙虎榜席位,只作为证据或边界,00_收件箱\抖音问AI\木果\2026-07-01_024745_34_作品34_7535808556461788467.md
122,49.3,C-保留佐证,股市不倒翁,股海贼王突破 5 千万，14 年成长经验总结,7653372875235249444,https://www.douyin.com/video/7653372875235249444,1348,5,1,3,27,题材龙头,题材龙头;产业预期差;情绪周期;技术形态;涨停后路径,只作为证据或边界,00_收件箱\抖音问AI\股市不倒翁\2026-06-30_144133_09_股市不倒翁：股海贼王突破5千万，14年成长经验总结.md
123,49.1,C-保留佐证,作手新一,仓位滚动,7594154983848761779,https://www.douyin.com/video/7594154983848761779,911,3,0,7,36,风控仓位,风控仓位;长期价值;龙虎榜席位;题材龙头,只作为证据或边界,00_收件箱\抖音问AI\作手新一\2026-07-01_021243_87_作品87_7594154983848761779.md
124,49.0,C-保留佐证,股市不倒翁,这波科技最反常的不是涨得猛，而是玩法彻底变了,7652321902018432292,https://www.douyin.com/video/7652321902018432292,1806,7,3,7,0,情绪周期,情绪周期;题材龙头;涨停后路径;集合竞价开盘;技术形态,只作为证据或边界,00_收件箱\抖音问AI\股市不倒翁\2026-06-30_195559_12_这波科技最反常的不是涨得猛_而是玩法彻底变了.md
125,48.9,C-保留佐证,股市不倒翁,股市不倒翁：6.9 缩量修复，科技全面普反高潮,7649361483679223074,https://www.douyin.com/video/7649361483679223074,1604,2,1,0,44,情绪周期,情绪周期;题材龙头;量比换手;产业预期差;尾盘隔夜,只作为证据或边界,00_收件箱\抖音问AI\股市不倒翁\2026-06-30_200524_19_股市不倒翁_6.9_缩量修复_科技全面普反高潮.md
126,48.8,C-保留佐证,作手新一,生死线 #股民,7651501563999482331,https://www.douyin.com/video/7651501563999482331,564,5,3,8,26,风控仓位,风控仓位;题材龙头;情绪周期;量比换手;集合竞价开盘,只作为证据或边界,00_收件箱\抖音问AI\作手新一\2026-07-01_012532_13_作品13_7651501563999482331.md
127,48.7,C-保留佐证,股市不倒翁,00 00~00 11 开场总述,7651580344134585652,https://www.douyin.com/video/7651580344134585652,1481,4,1,2,31,题材龙头,题材龙头;产业预期差;情绪周期;涨停后路径;集合竞价开盘,只作为证据或边界,00_收件箱\抖音问AI\股市不倒翁\2026-06-30_200203_14_00_00~00_11_开场总述.md
128,48.7,C-保留佐证,股市不倒翁,5.25 小结：华为韬定律、芯片、AI 硬件轮动,7643807193300602152,https://www.douyin.com/video/7643807193300602152,968,6,2,4,21,题材龙头,题材龙头;情绪周期;涨停后路径;尾盘隔夜;集合竞价开盘,只作为证据或边界,00_收件箱\抖音问AI\股市不倒翁\2026-06-30_201933_31_作品31_7643807193300602152.md
129,48.0,C-保留佐证,作手新一,回调 #股民,7644449897223632218,https://www.douyin.com/video/7644449897223632218,1318,12,0,5,0,技术形态,技术形态;量比换手;风控仓位;情绪周期,只作为证据或边界,00_收件箱\抖音问AI\作手新一\2026-07-01_013450_27_作品27_7644449897223632218.md
130,48.0,C-保留佐证,作手新一,持股 #股民 #股票,7601576746094659290,https://www.douyin.com/video/7601576746094659290,929,4,14,1,0,量比换手,量比换手;尾盘隔夜;技术形态,只作为证据或边界,00_收件箱\抖音问AI\作手新一\2026-07-01_015853_68_作品68_7601576746094659290.md
131,48.0,C-保留佐证,湖滨四季,炒股养家，7 条黄金铁律,7632708209613999369,https://www.douyin.com/video/7632708209613999369,933,3,3,11,11,风控仓位,风控仓位;量比换手;情绪周期;产业预期差;题材龙头,只作为证据或边界,00_收件箱\抖音问AI\湖滨四季\2026-06-30_212430_18_作品18_7632708209613999369.md
132,47.8,C-保留佐证,游资语录,作品15,7553873730938670355,https://www.douyin.com/video/7553873730938670355,754,2,2,14,12,风控仓位,风控仓位;涨停后路径;情绪周期;量比换手;题材龙头,只作为证据或边界,00_收件箱\抖音问AI\游资语录\2026-06-30_210317_15_作品15_7553873730938670355.md
133,47.7,C-保留佐证,湖滨四季,4 条炒股原则，看懂少走 5 年弯路,7614396842184330550,https://www.douyin.com/video/7614396842184330550,1235,6,4,4,8,技术形态,技术形态;量比换手;产业预期差;涨停后路径;题材龙头,只作为证据或边界,00_收件箱\抖音问AI\湖滨四季\2026-06-30_214922_56_作品56_7614396842184330550.md
134,47.6,C-保留佐证,湖滨四季,作品48,7617891526626037027,https://www.douyin.com/video/7617891526626037027,346,9,7,15,3,集合竞价开盘,集合竞价开盘;涨停后路径;尾盘隔夜,只作为证据或边界,00_收件箱\抖音问AI\湖滨四季\2026-06-30_214420_48_作品48_7617891526626037027.md
135,47.5,C-保留佐证,湖滨四季,作品70,7603367894621244735,https://www.douyin.com/video/7603367894621244735,1042,6,3,7,4,风控仓位,风控仓位;量比换手;技术形态;集合竞价开盘;涨停后路径,只作为证据或边界,00_收件箱\抖音问AI\湖滨四季\2026-06-30_215856_70_作品70_7603367894621244735.md
136,47.4,C-保留佐证,木果,原则,7444135943595953467,https://www.douyin.com/video/7444135943595953467,1564,5,5,14,2,风控仓位,风控仓位;情绪周期,只作为证据或边界,00_收件箱\抖音问AI\木果\2026-07-01_030210_58_作品58_7444135943595953467.md
137,47.0,C-保留佐证,湖滨四季,12 条炒股避坑指南,7616742198989671718,https://www.douyin.com/video/7616742198989671718,1435,2,2,7,16,情绪周期,情绪周期;题材龙头;风控仓位;技术形态;涨停后路径,只作为证据或边界,00_收件箱\抖音问AI\湖滨四季\2026-06-30_214533_50_作品50_7616742198989671718.md
138,47.0,C-保留佐证,湖滨四季,成交量 90% 的散户都背错了,7610043417187448297,https://www.douyin.com/video/7610043417187448297,648,6,10,2,31,量比换手,量比换手;情绪周期;技术形态,只作为证据或边界,00_收件箱\抖音问AI\湖滨四季\2026-06-30_215219_61_作品61_7610043417187448297.md
139,46.9,C-保留佐证,湖滨四季,如何快速从 100 变 1 亿？# 股票 #游资# 短线 #股市# 干货,7590249971543787115,https://www.douyin.com/video/7590249971543787115,980,9,3,0,6,尾盘隔夜,尾盘隔夜;风控仓位;技术形态;集合竞价开盘;龙虎榜席位,只作为证据或边界,00_收件箱\抖音问AI\湖滨四季\2026-06-30_221558_96_作品96_7590249971543787115.md
140,46.8,C-保留佐证,作手新一,傻瓜战法,7651287403960999598,https://www.douyin.com/video/7651287403960999598,1158,19,2,0,0,技术形态,技术形态;量比换手;尾盘隔夜;龙虎榜席位,只作为证据或边界,00_收件箱\抖音问AI\作手新一\2026-07-01_012611_14_作品14_7651287403960999598.md
141,46.6,C-保留佐证,作手新一,六条路,7632001907334120114,https://www.douyin.com/video/7632001907334120114,925,1,2,3,37,长期价值,长期价值;情绪周期;题材龙头;涨停后路径,只作为证据或边界,00_收件箱\抖音问AI\作手新一\2026-07-01_014824_50_作品50_7632001907334120114.md
142,46.6,C-保留佐证,木果,作品51,7481775112908197158,https://www.douyin.com/video/7481775112908197158,911,4,3,11,16,风控仓位,风控仓位;情绪周期;长期价值,只作为证据或边界,00_收件箱\抖音问AI\木果\2026-07-01_025825_51_作品51_7481775112908197158.md
143,46.6,C-保留佐证,股市不倒翁,00 00~00 18 盘面异常与情绪背离,7646399866473598223,https://www.douyin.com/video/7646399866473598223,1099,4,1,3,29,题材龙头,题材龙头;情绪周期;涨停后路径;监管异动;盘口订单流,只作为证据或边界,00_收件箱\抖音问AI\股市不倒翁\2026-06-30_200856_25_00_00~00_18_盘面异常与情绪背离.md
144,46.4,C-保留佐证,湖滨四季,商业航天卡异动，看懂 2 点不站岗！,7594104350683745582,https://www.douyin.com/video/7594104350683745582,852,3,3,3,21,监管异动,监管异动;题材龙头;涨停后路径;量比换手;集合竞价开盘,只作为证据或边界,00_收件箱\抖音问AI\湖滨四季\2026-06-30_221011_87_作品87_7594104350683745582.md
145,46.3,C-保留佐证,作手新一,作品100,7591208270905610459,https://www.douyin.com/video/7591208270905610459,1006,9,5,4,0,量比换手,量比换手;情绪周期;题材龙头;风控仓位,只作为证据或边界,00_收件箱\抖音问AI\作手新一\2026-07-01_022012_100_作品100_7591208270905610459.md
146,46.1,C-保留佐证,木果,以 “约翰・保尔森” 第一视角，打开次贷危机预言大师传奇人生,7531705397992754458,https://www.douyin.com/video/7531705397992754458,1579,1,5,6,26,风控仓位,风控仓位;技术形态,只作为证据或边界,00_收件箱\抖音问AI\木果\2026-07-01_024929_36_作品36_7531705397992754458.md
147,46.1,C-保留佐证,湖滨四季,跨年妖股的 4 大特征,7582986847760960809,https://www.douyin.com/video/7582986847760960809,1071,8,5,0,9,产业预期差,产业预期差;题材龙头;量比换手;情绪周期;涨停后路径,只作为证据或边界,00_收件箱\抖音问AI\湖滨四季\2026-06-30_222002_103_作品103_7582986847760960809.md
148,45.9,C-保留佐证,作手新一,换手率 #股票 #股民 #财经,7642009889049319398,https://www.douyin.com/video/7642009889049319398,1013,1,20,1,20,量比换手,量比换手;情绪周期,只作为证据或边界,00_收件箱\抖音问AI\作手新一\2026-07-01_013828_33_作品33_7642009889049319398.md
149,45.9,C-保留佐证,股市不倒翁,00 00~00 31 核心观点抛出,7650094292899302691,https://www.douyin.com/video/7650094292899302691,875,4,2,5,21,产业预期差,产业预期差;题材龙头;情绪周期;量比换手;集合竞价开盘,只作为证据或边界,00_收件箱\抖音问AI\股市不倒翁\2026-06-30_200358_17_00_00~00_31_核心观点抛出.md
150,45.7,C-保留佐证,机油手,股市生存指南,,https://www.douyin.com/jingxuan?modal_id=7656450426660818211,733,3,18,0,34,量比换手,量比换手;涨停后路径,只作为证据或边界,00_收件箱\抖音问AI\机油手\2026-06-30_121543_01_机油手：《股市生存指南》第23课_换手率应用思维.md
151,45.7,C-保留佐证,湖滨四季,突发大跌，看量就够了！,7623768674893090082,https://www.douyin.com/video/7623768674893090082,924,4,6,3,13,量比换手,量比换手;技术形态;尾盘隔夜;产业预期差;情绪周期,只作为证据或边界,00_收件箱\抖音问AI\湖滨四季\2026-06-30_213718_37_作品37_7623768674893090082.md
152,45.6,C-保留佐证,作手新一,数字,7596021196161398491,https://www.douyin.com/video/7596021196161398491,770,17,4,0,7,量比换手,量比换手;情绪周期;集合竞价开盘,只作为证据或边界,00_收件箱\抖音问AI\作手新一\2026-07-01_020519_79_作品79_7596021196161398491.md
153,45.6,C-保留佐证,股市不倒翁,股海贼王突破 5 千万，14 年成长经验总结,7653372875235249444,https://www.douyin.com/video/7653372875235249444,1389,5,1,3,27,题材龙头,题材龙头;产业预期差;情绪周期;技术形态;涨停后路径,只作为证据或边界,00_收件箱\抖音问AI\股市不倒翁\2026-06-30_170647_01_股海贼王突破_5_千万_14_年成长经验总结.md
154,45.3,C-保留佐证,股市不倒翁,股海贼王突破 5 千万，14 年成长经验总结,7653372875235249444,https://www.douyin.com/video/7653372875235249444,1348,5,1,3,27,题材龙头,题材龙头;产业预期差;情绪周期;技术形态;涨停后路径,只作为证据或边界,00_收件箱\抖音问AI\股市不倒翁\2026-06-30_195453_10_股海贼王突破_5_千万_14_年成长经验总结.md
155,45.2,C-保留佐证,机油手,股市生存指南,,https://www.douyin.com/jingxuan?modal_id=7655748257464716578,1523,0,20,0,26,量比换手,量比换手;盘口订单流;情绪周期,只作为证据或边界,00_收件箱\抖音问AI\机油手\2026-06-30_121640_02_机油手：《股市生存指南》第22课_看懂换手率.md
156,45.2,C-保留佐证,游资语录,从 8W 到一个小目标的小游资谈大部分新手存在的问题,7555724062283074859,https://www.douyin.com/video/7555724062283074859,1198,1,2,0,37,风控仓位,风控仓位;产业预期差;集合竞价开盘;题材龙头;龙虎榜席位,只作为证据或边界,00_收件箱\抖音问AI\游资语录\2026-06-30_205711_05_作品5_7555724062283074859.md
157,45.2,C-保留佐证,湖滨四季,作品118,7575168418647706920,https://www.douyin.com/video/7575168418647706920,590,16,5,3,1,量比换手,量比换手;技术形态;情绪周期;题材龙头,只作为证据或边界,00_收件箱\抖音问AI\湖滨四季\2026-07-01_005703_118_作品118_7575168418647706920.md
158,45.1,C-保留佐证,木果,作品31,7567383676430961920,https://www.douyin.com/video/7567383676430961920,1123,4,1,4,13,风控仓位,风控仓位;产业预期差;监管异动;情绪周期;长期价值,只作为证据或边界,00_收件箱\抖音问AI\木果\2026-07-01_024533_31_作品31_7567383676430961920.md
159,45.0,C-保留佐证,游资语录,作品1,7558303808401575203,https://www.douyin.com/video/7558303808401575203,834,10,1,8,1,题材龙头,题材龙头;风控仓位;情绪周期,只作为证据或边界,00_收件箱\抖音问AI\游资语录\2026-06-30_205302_01_作品1_7558303808401575203.md
160,45.0,C-保留佐证,股市不倒翁,00 00~01 00 核心信号解读,7644547238588370210,https://www.douyin.com/video/7644547238588370210,943,6,2,2,20,题材龙头,题材龙头;情绪周期;尾盘隔夜;技术形态;集合竞价开盘,只作为证据或边界,00_收件箱\抖音问AI\股市不倒翁\2026-06-30_201134_29_00_00~01_00_核心信号解读.md
161,44.7,D-低价值,木果,交易茶话会,7596437813604683058,https://www.douyin.com/video/7596437813604683058,1293,1,0,2,57,技术形态,技术形态,保留原料，不主动提炼,00_收件箱\抖音问AI\木果\2026-07-01_023958_23_作品23_7596437813604683058.md
162,44.7,D-低价值,湖滨四季,炒股十几年，我最受益的 8 条规律,7559934241921813802,https://www.douyin.com/video/7559934241921813802,881,5,7,4,1,量比换手,量比换手;情绪周期;长期价值;风控仓位;技术形态,保留原料，不主动提炼,00_收件箱\抖音问AI\湖滨四季\2026-07-01_011045_142_作品142_7559934241921813802.md
163,44.4,D-低价值,作手新一,毛病,7643585975674890825,https://www.douyin.com/video/7643585975674890825,872,4,0,6,28,风控仓位,风控仓位;情绪周期,保留原料，不主动提炼,00_收件箱\抖音问AI\作手新一\2026-07-01_013605_29_作品29_7643585975674890825.md
164,44.4,D-低价值,湖滨四季,散户必学！委比一眼判买卖点,7627166523722927400,https://www.douyin.com/video/7627166523722927400,811,6,3,4,12,盘口订单流,盘口订单流;量比换手;集合竞价开盘;风控仓位,保留原料，不主动提炼,00_收件箱\抖音问AI\湖滨四季\2026-06-30_213246_30_作品30_7627166523722927400.md
165,44.3,D-低价值,木果,揭秘巴菲特：期权市场上的顶级交易员,7400927527943834921,https://www.douyin.com/video/7400927527943834921,965,4,4,4,30,情绪周期,情绪周期;长期价值,保留原料，不主动提炼,00_收件箱\抖音问AI\木果\2026-07-01_030902_65_作品65_7400927527943834921.md
166,44.0,D-低价值,作手新一,清单 #股民# 股票,7592299795143250414,https://www.douyin.com/video/7592299795143250414,922,3,3,1,28,产业预期差,产业预期差;题材龙头;技术形态;长期价值,保留原料，不主动提炼,00_收件箱\抖音问AI\作手新一\2026-07-01_021712_95_作品95_7592299795143250414.md
167,44.0,D-低价值,湖滨四季,同时出现这 4 个信号，就是主升浪来临！,7590362716071033060,https://www.douyin.com/video/7590362716071033060,1114,19,3,0,1,量比换手,量比换手;涨停后路径;集合竞价开盘,保留原料，不主动提炼,00_收件箱\抖音问AI\湖滨四季\2026-06-30_221520_95_作品95_7590362716071033060.md
168,43.7,D-低价值,木果,对冲基金之父 — 朱利安・罗伯逊,7416296266658827539,https://www.douyin.com/video/7416296266658827539,1280,4,1,7,18,长期价值,长期价值;产业预期差;风控仓位,保留原料，不主动提炼,00_收件箱\抖音问AI\木果\2026-07-01_030251_59_作品59_7416296266658827539.md
169,43.7,D-低价值,湖滨四季,2026 年五大爆发赛道,7591120319756483689,https://www.douyin.com/video/7591120319756483689,1020,3,3,1,33,产业预期差,产业预期差;题材龙头;长期价值;技术形态,保留原料，不主动提炼,00_收件箱\抖音问AI\湖滨四季\2026-06-30_221309_92_作品92_7591120319756483689.md
170,43.6,D-低价值,作手新一,三步选股法,7623093179047182683,https://www.douyin.com/video/7623093179047182683,1157,8,4,1,2,产业预期差,产业预期差;集合竞价开盘;涨停后路径;长期价值;尾盘隔夜,保留原料，不主动提炼,00_收件箱\抖音问AI\作手新一\2026-07-01_015306_58_作品58_7623093179047182683.md
171,43.6,D-低价值,作手新一,横行 #股民 #股票,7619993875809920934,https://www.douyin.com/video/7619993875809920934,1021,2,4,2,16,集合竞价开盘,集合竞价开盘;风控仓位;龙虎榜席位;尾盘隔夜;情绪周期,保留原料，不主动提炼,00_收件箱\抖音问AI\作手新一\2026-07-01_015421_60_作品60_7619993875809920934.md
172,43.5,D-低价值,作手新一,马后炮 #股票 #股民,7594760565211607526,https://www.douyin.com/video/7594760565211607526,787,1,21,0,71,量比换手,量比换手;技术形态,保留原料，不主动提炼,00_收件箱\抖音问AI\作手新一\2026-07-01_021057_84_作品84_7594760565211607526.md
173,43.3,D-低价值,湖滨四季,炒股赚大钱，就靠这 2 个逻辑！,7603736703798431030,https://www.douyin.com/video/7603736703798431030,889,8,1,3,9,风控仓位,风控仓位;情绪周期;题材龙头;技术形态;龙虎榜席位,保留原料，不主动提炼,00_收件箱\抖音问AI\湖滨四季\2026-06-30_215810_69_作品69_7603736703798431030.md
174,43.2,D-低价值,作手新一,控盘,7650697234467915209,https://www.douyin.com/video/7650697234467915209,1154,3,3,3,16,产业预期差,产业预期差;龙虎榜席位;情绪周期;盘口订单流,保留原料，不主动提炼,00_收件箱\抖音问AI\作手新一\2026-07-01_012726_16_作品16_7650697234467915209.md
175,43.1,D-低价值,木果,以 “欢乐海岸” 第一视角，打开龙头背后的那只手,7632029460765707560,https://www.douyin.com/video/7632029460765707560,1473,7,3,2,0,龙虎榜席位,龙虎榜席位;题材龙头;情绪周期;尾盘隔夜;监管异动,保留原料，不主动提炼,00_收件箱\抖音问AI\木果\2026-07-01_023104_10_作品10_7632029460765707560.md
176,43.0,D-低价值,木果,作品61,7410548144087371049,https://www.douyin.com/video/7410548144087371049,917,5,3,13,7,风控仓位,风控仓位;情绪周期,保留原料，不主动提炼,00_收件箱\抖音问AI\木果\2026-07-01_030400_61_作品61_7410548144087371049.md
177,42.9,D-低价值,作手新一,作品91,7593582376019701102,https://www.douyin.com/video/7593582376019701102,645,2,9,2,56,尾盘隔夜,尾盘隔夜;量比换手;技术形态;涨停后路径;集合竞价开盘,保留原料，不主动提炼,00_收件箱\抖音问AI\作手新一\2026-07-01_021455_91_作品91_7593582376019701102.md
178,42.9,D-低价值,湖滨四季,游资不传的八条秘籍,7609170402682327209,https://www.douyin.com/video/7609170402682327209,581,7,3,11,7,量比换手,量比换手;风控仓位;龙虎榜席位;技术形态;涨停后路径,保留原料，不主动提炼,00_收件箱\抖音问AI\湖滨四季\2026-06-30_215253_62_作品62_7609170402682327209.md
179,42.4,D-低价值,湖滨四季,一期视频教会你炒股底层心法！,7576607235862695203,https://www.douyin.com/video/7576607235862695203,922,10,2,4,3,风控仓位,风控仓位;情绪周期;技术形态,保留原料，不主动提炼,00_收件箱\抖音问AI\湖滨四季\2026-07-01_005550_116_作品116_7576607235862695203.md
180,42.3,D-低价值,湖滨四季,作品76,7600796335754824960,https://www.douyin.com/video/7600796335754824960,735,4,2,0,34,产业预期差,产业预期差;题材龙头;情绪周期,保留原料，不主动提炼,00_收件箱\抖音问AI\湖滨四季\2026-06-30_220257_76_作品76_7600796335754824960.md
181,42.2,D-低价值,游资语录,作品6,7555413399891365162,https://www.douyin.com/video/7555413399891365162,941,1,14,2,0,风控仓位,风控仓位;情绪周期;集合竞价开盘;龙虎榜席位,保留原料，不主动提炼,00_收件箱\抖音问AI\游资语录\2026-06-30_205755_06_作品6_7555413399891365162.md
182,42.1,D-低价值,作手新一,倍量 #股票 #股民,7640351461688419466,https://www.douyin.com/video/7640351461688419466,1041,7,7,2,0,技术形态,技术形态;量比换手;涨停后路径,保留原料，不主动提炼,00_收件箱\抖音问AI\作手新一\2026-07-01_014125_38_作品38_7640351461688419466.md
183,42.1,D-低价值,湖滨四季,股市的黄金铁律七不买三不卖,7606954141243758547,https://www.douyin.com/video/7606954141243758547,966,3,5,6,2,技术形态,技术形态;量比换手;产业预期差;长期价值;风控仓位,保留原料，不主动提炼,00_收件箱\抖音问AI\湖滨四季\2026-06-30_215426_64_作品64_7606954141243758547.md
184,42.0,D-低价值,机油手,股市生存指南 第 5 课，看懂手机炒股界面,7645691676765310227,https://www.douyin.com/video/7645691676765310227,845,0,10,0,10,集合竞价开盘,集合竞价开盘;量比换手;盘口订单流;长期价值;情绪周期,保留原料，不主动提炼,00_收件箱\抖音问AI\机油手\2026-06-30_133529_18_机油手：股市生存指南_第5课，看懂手机炒股界面.md
185,41.7,D-低价值,湖滨四季,万年不变的 8 条炒股铁律,7592222924044520758,https://www.douyin.com/video/7592222924044520758,1067,2,4,5,13,题材龙头,题材龙头;量比换手;龙虎榜席位;产业预期差,保留原料，不主动提炼,00_收件箱\抖音问AI\湖滨四季\2026-06-30_221231_91_作品91_7592222924044520758.md
186,41.7,D-低价值,湖滨四季,作品88,7593356295370050867,https://www.douyin.com/video/7593356295370050867,310,8,8,5,9,风控仓位,风控仓位;尾盘隔夜;量比换手;情绪周期,保留原料，不主动提炼,00_收件箱\抖音问AI\湖滨四季\2026-06-30_221040_88_作品88_7593356295370050867.md
187,41.4,D-低价值,木果,作品5,7647736906532375808,https://www.douyin.com/video/7647736906532375808,1744,0,1,3,21,龙虎榜席位,龙虎榜席位;涨停后路径;监管异动;集合竞价开盘,保留原料，不主动提炼,00_收件箱\抖音问AI\木果\2026-07-01_022733_05_作品5_7647736906532375808.md
188,41.4,D-低价值,湖滨四季,宁愿空仓也不要去碰的 7 种票,7570685989505600809,https://www.douyin.com/video/7570685989505600809,717,4,1,5,8,技术形态,技术形态;产业预期差;风控仓位;长期价值;题材龙头,保留原料，不主动提炼,00_收件箱\抖音问AI\湖滨四季\2026-07-01_010127_126_作品126_7570685989505600809.md
189,40.9,D-低价值,作手新一,作品18,7649274668793549513,https://www.douyin.com/video/7649274668793549513,1148,1,16,2,16,风控仓位,风控仓位,保留原料，不主动提炼,00_收件箱\抖音问AI\作手新一\2026-07-01_012856_18_作品18_7649274668793549513.md
190,40.7,D-低价值,作手新一,换手率 #股票 #股民,7595483218917513458,https://www.douyin.com/video/7595483218917513458,816,1,25,2,15,量比换手,量比换手,保留原料，不主动提炼,00_收件箱\抖音问AI\作手新一\2026-07-01_020630_81_作品81_7595483218917513458.md
191,40.6,D-低价值,机油手,股市生存指南,7649677994864217395,https://www.douyin.com/video/7649677994864217395,1492,3,6,0,8,题材龙头,题材龙头;产业预期差;长期价值;情绪周期;龙虎榜席位,保留原料，不主动提炼,00_收件箱\抖音问AI\机油手\2026-06-30_132745_10_机油手：《股市生存指南》_第13课，看懂指数.md
192,40.3,D-低价值,湖滨四季,macd 总是看不准？不是指标没用，是你没有抓住核心的技巧,7604116940906345094,https://www.douyin.com/video/7604116940906345094,1738,8,2,2,0,技术形态,技术形态;情绪周期;盘口订单流,保留原料，不主动提炼,00_收件箱\抖音问AI\湖滨四季\2026-06-30_215726_68_作品68_7604116940906345094.md
193,40.2,D-低价值,湖滨四季,作品36,7624865276118535451,https://www.douyin.com/video/7624865276118535451,1180,9,1,3,0,风控仓位,风控仓位;产业预期差;情绪周期;长期价值,保留原料，不主动提炼,00_收件箱\抖音问AI\湖滨四季\2026-06-30_213640_36_作品36_7624865276118535451.md
194,39.6,D-低价值,湖滨四季,炒股，是一个人的顶级创业！,7630482961434938633,https://www.douyin.com/video/7630482961434938633,1005,2,2,5,13,产业预期差,产业预期差;长期价值;尾盘隔夜;情绪周期;集合竞价开盘,保留原料，不主动提炼,00_收件箱\抖音问AI\湖滨四季\2026-06-30_212915_25_作品25_7630482961434938633.md
195,39.4,D-低价值,机油手,股市生存指南 第 2 课：股市中的 5 大核心参与者,7644830407459949824,https://www.douyin.com/video/7644830407459949824,1955,5,0,2,2,龙虎榜席位,龙虎榜席位;情绪周期;题材龙头;产业预期差;集合竞价开盘,保留原料，不主动提炼,00_收件箱\抖音问AI\机油手\2026-06-30_133846_21_机油手：股市生存指南_第2课，股市中的5大核心参与者.md
196,39.2,D-低价值,湖滨四季,这 7 种股票坚决不能碰,7588875181880315163,https://www.douyin.com/video/7588875181880315163,744,3,1,14,2,技术形态,技术形态;产业预期差;题材龙头;量比换手;风控仓位,保留原料，不主动提炼,00_收件箱\抖音问AI\湖滨四季\2026-06-30_221714_98_作品98_7588875181880315163.md
197,39.2,D-低价值,股市不倒翁,作品36,7641575387067075855,https://www.douyin.com/video/7641575387067075855,1450,5,1,3,3,情绪周期,情绪周期;题材龙头;监管异动;技术形态;量比换手,保留原料，不主动提炼,00_收件箱\抖音问AI\股市不倒翁\2026-06-30_202304_36_作品36_7641575387067075855.md
198,39.1,D-低价值,湖滨四季,量价关系都不懂？炒股纯属送钱！,7597782203380059427,https://www.douyin.com/video/7597782203380059427,1339,9,2,2,0,量比换手,量比换手;风控仓位,保留原料，不主动提炼,00_收件箱\抖音问AI\湖滨四季\2026-06-30_220611_81_作品81_7597782203380059427.md
199,39.0,D-低价值,作手新一,滚动 #股民,7655074731481178825,https://www.douyin.com/video/7655074731481178825,1434,2,3,6,3,风控仓位,风控仓位;技术形态;情绪周期;题材龙头,保留原料，不主动提炼,00_收件箱\抖音问AI\作手新一\2026-07-01_012150_07_作品7_7655074731481178825.md
200,39.0,D-低价值,股市不倒翁,股市不倒翁,7644177226342223156,https://www.douyin.com/video/7644177226342223156,1476,5,2,5,1,题材龙头,题材龙头;情绪周期;尾盘隔夜;产业预期差;盘口订单流,保留原料，不主动提炼,00_收件箱\抖音问AI\股市不倒翁\2026-06-30_201218_30_股市不倒翁.md
201,38.8,D-低价值,湖滨四季,作品72,7602442526151317430,https://www.douyin.com/video/7602442526151317430,801,3,5,3,7,量比换手,量比换手;涨停后路径;风控仓位;情绪周期;技术形态,保留原料，不主动提炼,00_收件箱\抖音问AI\湖滨四季\2026-06-30_220023_72_作品72_7602442526151317430.md
202,38.8,D-低价值,湖滨四季,炒股该追涨还是抄底，很多人都搞错了！,7579571982828604682,https://www.douyin.com/video/7579571982828604682,759,5,2,5,3,技术形态,技术形态;题材龙头;量比换手;情绪周期;监管异动,保留原料，不主动提炼,00_收件箱\抖音问AI\湖滨四季\2026-07-01_005304_111_作品111_7579571982828604682.md
203,38.7,D-低价值,作手新一,洗盘 #股票 #股民,7648125846217758194,https://www.douyin.com/video/7648125846217758194,1573,5,3,1,0,量比换手,量比换手;技术形态;风控仓位;产业预期差;盘口订单流,保留原料，不主动提炼,00_收件箱\抖音问AI\作手新一\2026-07-01_013016_20_作品20_7648125846217758194.md
204,38.6,D-低价值,作手新一,主力洗盘核心逻辑,7638337723400822235,https://www.douyin.com/video/7638337723400822235,824,3,2,4,13,技术形态,技术形态;量比换手;盘口订单流;风控仓位;情绪周期,保留原料，不主动提炼,00_收件箱\抖音问AI\作手新一\2026-07-01_014340_42_作品42_7638337723400822235.md
205,38.5,D-低价值,作手新一,作品67,7601954284686672294,https://www.douyin.com/video/7601954284686672294,947,4,0,8,0,风控仓位,风控仓位;量比换手;技术形态;涨停后路径;集合竞价开盘,保留原料，不主动提炼,00_收件箱\抖音问AI\作手新一\2026-07-01_015816_67_作品67_7601954284686672294.md
206,38.5,D-低价值,湖滨四季,亏光 300 万换来的血泪教训,7600397089889127723,https://www.douyin.com/video/7600397089889127723,1528,3,0,0,25,题材龙头,题材龙头;产业预期差;龙虎榜席位,保留原料，不主动提炼,00_收件箱\抖音问AI\湖滨四季\2026-06-30_220338_77_作品77_7600397089889127723.md
207,38.2,D-低价值,湖滨四季,量价吃透，跟庄稳赚,7633455883074260276,https://www.douyin.com/video/7633455883074260276,1214,7,3,0,0,量比换手,量比换手;技术形态;情绪周期;风控仓位,保留原料，不主动提炼,00_收件箱\抖音问AI\湖滨四季\2026-06-30_212511_19_作品19_7633455883074260276.md
208,38.1,D-低价值,作手新一,做 t #股票 #股民,7644809745333346534,https://www.douyin.com/video/7644809745333346534,1164,5,4,2,4,技术形态,技术形态;量比换手;风控仓位;情绪周期,保留原料，不主动提炼,00_收件箱\抖音问AI\作手新一\2026-07-01_013409_26_作品26_7644809745333346534.md
209,38.1,D-低价值,作手新一,左右倍量,7622475493003016114,https://www.douyin.com/video/7622475493003016114,772,4,0,2,20,情绪周期,情绪周期;技术形态;盘口订单流;量比换手,保留原料，不主动提炼,00_收件箱\抖音问AI\作手新一\2026-07-01_015340_59_作品59_7622475493003016114.md
210,37.9,D-低价值,股市不倒翁,00 00~01 00 核心观点总述,7648995004542700840,https://www.douyin.com/video/7648995004542700840,778,2,3,3,16,题材龙头,题材龙头;情绪周期;集合竞价开盘;产业预期差;涨停后路径,保留原料，不主动提炼,00_收件箱\抖音问AI\股市不倒翁\2026-06-30_200601_20_00_00~01_00_核心观点总述.md
211,37.8,D-低价值,湖滨四季,学会做 T，一只票反复吃肉,7567685770606136622,https://www.douyin.com/video/7567685770606136622,781,2,5,3,11,技术形态,技术形态;风控仓位;情绪周期;产业预期差;长期价值,保留原料，不主动提炼,00_收件箱\抖音问AI\湖滨四季\2026-07-01_010503_132_作品132_7567685770606136622.md
212,37.7,D-低价值,作手新一,作品90,7593711193426557294,https://www.douyin.com/video/7593711193426557294,632,1,23,3,1,集合竞价开盘,集合竞价开盘;题材龙头;技术形态;量比换手,保留原料，不主动提炼,00_收件箱\抖音问AI\作手新一\2026-07-01_021422_90_作品90_7593711193426557294.md
213,37.5,D-低价值,作手新一,作品3,7656579178896411546,https://www.douyin.com/video/7656579178896411546,1344,4,1,0,6,题材龙头,题材龙头;龙虎榜席位;情绪周期;技术形态;量比换手,保留原料，不主动提炼,00_收件箱\抖音问AI\作手新一\2026-07-01_011916_03_作品3_7656579178896411546.md
214,37.5,D-低价值,作手新一,戒掉股票股民,7596765364345826542,https://www.douyin.com/video/7596765364345826542,939,2,2,4,20,情绪周期,情绪周期;风控仓位,保留原料，不主动提炼,00_收件箱\抖音问AI\作手新一\2026-07-01_020338_76_作品76_7596765364345826542.md
215,37.5,D-低价值,湖滨四季,炒股的作弊方法,7620431458070514980,https://www.douyin.com/video/7620431458070514980,848,5,3,4,1,题材龙头,题材龙头;产业预期差;情绪周期;监管异动;量比换手,保留原料，不主动提炼,00_收件箱\抖音问AI\湖滨四季\2026-06-30_214102_43_作品43_7620431458070514980.md
216,37.1,D-低价值,作手新一,作品74,7598219156890600934,https://www.douyin.com/video/7598219156890600934,802,2,4,5,4,技术形态,技术形态;量比换手;盘口订单流;长期价值;风控仓位,保留原料，不主动提炼,00_收件箱\抖音问AI\作手新一\2026-07-01_020223_74_作品74_7598219156890600934.md
217,37.1,D-低价值,湖滨四季,一分钟看懂委比，新手做 T 也能很简单,7580762293013679369,https://www.douyin.com/video/7580762293013679369,792,3,5,2,13,盘口订单流,盘口订单流;量比换手;集合竞价开盘,保留原料，不主动提炼,00_收件箱\抖音问AI\湖滨四季\2026-07-01_005153_109_作品109_7580762293013679369.md
218,37.1,D-低价值,股市不倒翁,作品41,7578534512171257126,https://www.douyin.com/video/7578534512171257126,754,1,2,12,14,风控仓位,风控仓位;情绪周期;题材龙头;龙虎榜席位,保留原料，不主动提炼,00_收件箱\抖音问AI\股市不倒翁\2026-06-30_202526_41_作品41_7578534512171257126.md
219,37.0,D-低价值,木果,以 “葛卫东” 第一视角，打开期货一哥的传奇人生,7563106678942469391,https://www.douyin.com/video/7563106678942469391,868,1,0,3,30,情绪周期,情绪周期;长期价值;风控仓位,保留原料，不主动提炼,00_收件箱\抖音问AI\木果\2026-07-01_022507_02_作品2_7563106678942469391.md
220,37.0,D-低价值,湖滨四季,上影线藏主力拉升密码,7625269995949329715,https://www.douyin.com/video/7625269995949329715,691,3,2,2,38,技术形态,技术形态;量比换手;情绪周期,保留原料，不主动提炼,00_收件箱\抖音问AI\湖滨四季\2026-06-30_213514_34_作品34_7625269995949329715.md
221,36.9,D-低价值,湖滨四季,股市长期盈利的人，都死磕这 3 条核心规律！,7615278795221716258,https://www.douyin.com/video/7615278795221716258,763,2,1,8,4,情绪周期,情绪周期;题材龙头;量比换手;涨停后路径;技术形态,保留原料，不主动提炼,00_收件箱\抖音问AI\湖滨四季\2026-06-30_214718_53_作品53_7615278795221716258.md
222,36.8,D-低价值,机油手,股市生存指南,7649308446113729819,https://www.douyin.com/video/7649308446113729819,829,9,0,6,1,风控仓位,风控仓位;情绪周期,保留原料，不主动提炼,00_收件箱\抖音问AI\机油手\2026-06-30_132849_11_机油手：《股市生存指南》_第12课，左_右侧交易及止盈止损策略.md
223,36.4,D-低价值,作手新一,作品53,7626044447085056393,https://www.douyin.com/video/7626044447085056393,672,6,1,7,10,长期价值,长期价值;题材龙头;风控仓位;产业预期差;龙虎榜席位,保留原料，不主动提炼,00_收件箱\抖音问AI\作手新一\2026-07-01_015011_53_作品53_7626044447085056393.md
224,36.3,D-低价值,湖滨四季,股市里的作弊手段,7632710028905975078,https://www.douyin.com/video/7632710028905975078,939,3,4,2,6,题材龙头,题材龙头;情绪周期;产业预期差;技术形态;监管异动,保留原料，不主动提炼,00_收件箱\抖音问AI\湖滨四季\2026-06-30_212352_17_作品17_7632710028905975078.md
225,36.3,D-低价值,股市不倒翁,作品48,7551712783964867867,https://www.douyin.com/video/7551712783964867867,751,2,2,10,4,风控仓位,风控仓位;量比换手;情绪周期;涨停后路径;题材龙头,保留原料，不主动提炼,00_收件箱\抖音问AI\股市不倒翁\2026-06-30_203300_48_作品48_7551712783964867867.md
226,36.3,D-低价值,股市不倒翁,股市不倒翁,7646776059823721728,https://www.douyin.com/video/7646776059823721728,854,4,0,1,20,情绪周期,情绪周期;产业预期差;题材龙头;尾盘隔夜;技术形态,保留原料，不主动提炼,00_收件箱\抖音问AI\股市不倒翁\2026-06-30_200817_24_股市不倒翁.md
227,36.0,D-低价值,湖滨四季,股市赚钱核心，高手只做好这四件事！,7619651720989117705,https://www.douyin.com/video/7619651720989117705,1537,4,0,6,2,风控仓位,风控仓位;情绪周期;龙虎榜席位,保留原料，不主动提炼,00_收件箱\抖音问AI\湖滨四季\2026-06-30_214230_45_作品45_7619651720989117705.md
228,35.9,D-低价值,湖滨四季,打板被套怎么办？,7569941233611705642,https://www.douyin.com/video/7569941233611705642,844,3,1,7,0,涨停后路径,涨停后路径;量比换手;风控仓位;盘口订单流;集合竞价开盘,保留原料，不主动提炼,00_收件箱\抖音问AI\湖滨四季\2026-07-01_010241_128_作品128_7569941233611705642.md
229,35.4,D-低价值,作手新一,空仓节点,7641028308218441802,https://www.douyin.com/video/7641028308218441802,741,2,0,17,0,风控仓位,风控仓位;情绪周期;产业预期差;涨停后路径;题材龙头,保留原料，不主动提炼,00_收件箱\抖音问AI\作手新一\2026-07-01_014009_36_作品36_7641028308218441802.md
230,35.3,D-低价值,湖滨四季,委比做 T：一看就会,7617897220364324130,https://www.douyin.com/video/7617897220364324130,1131,3,2,2,8,盘口订单流,盘口订单流;量比换手;集合竞价开盘;风控仓位,保留原料，不主动提炼,00_收件箱\抖音问AI\湖滨四季\2026-06-30_214312_46_作品46_7617897220364324130.md
231,35.2,D-低价值,机油手,股市生存指南,7651231183082245427,https://www.douyin.com/video/7651231183082245427,744,1,10,0,7,集合竞价开盘,集合竞价开盘;尾盘隔夜;量比换手,保留原料，不主动提炼,00_收件箱\抖音问AI\机油手\2026-06-30_132645_08_机油手：《股市生存指南》_第15课，看懂集合竞价规则.md
232,35.2,D-低价值,股市不倒翁,00 00~00 16 核心矛盾点,7647518774869937448,https://www.douyin.com/video/7647518774869937448,1200,1,1,0,24,题材龙头,题材龙头;情绪周期;量比换手;产业预期差;尾盘隔夜,保留原料，不主动提炼,00_收件箱\抖音问AI\股市不倒翁\2026-06-30_200738_23_00_00~00_16_核心矛盾点.md
233,35.0,D-低价值,作手新一,高股息 #股民,7652206169721453478,https://www.douyin.com/video/7652206169721453478,1300,3,2,3,11,长期价值,长期价值;题材龙头,保留原料，不主动提炼,00_收件箱\抖音问AI\作手新一\2026-07-01_012427_11_作品11_7652206169721453478.md
234,34.3,D-低价值,作手新一,做 T 经验分享,7656316810154194290,https://www.douyin.com/video/7656316810154194290,1518,2,1,1,15,风控仓位,风控仓位;题材龙头;情绪周期;长期价值,保留原料，不主动提炼,00_收件箱\抖音问AI\作手新一\2026-07-01_011955_04_作品4_7656316810154194290.md
235,34.3,D-低价值,作手新一,铁律,7595662405921789870,https://www.douyin.com/video/7595662405921789870,809,6,2,0,5,题材龙头,题材龙头;情绪周期;风控仓位;产业预期差;技术形态,保留原料，不主动提炼,00_收件箱\抖音问AI\作手新一\2026-07-01_020554_80_作品80_7595662405921789870.md
236,33.9,D-低价值,作手新一,作品56,7624298743307780426,https://www.douyin.com/video/7624298743307780426,711,1,3,4,0,尾盘隔夜,尾盘隔夜;集合竞价开盘;情绪周期;涨停后路径;题材龙头,保留原料，不主动提炼,00_收件箱\抖音问AI\作手新一\2026-07-01_015150_56_作品56_7624298743307780426.md
237,33.9,D-低价值,作手新一,作品93,7593059964782051250,https://www.douyin.com/video/7593059964782051250,627,8,1,3,10,技术形态,技术形态;题材龙头;风控仓位;龙虎榜席位;量比换手,保留原料，不主动提炼,00_收件箱\抖音问AI\作手新一\2026-07-01_021558_93_作品93_7593059964782051250.md
238,33.7,D-低价值,木果,作品63,7409434445465324811,https://www.douyin.com/video/7409434445465324811,719,0,1,10,12,风控仓位,风控仓位;情绪周期;长期价值,保留原料，不主动提炼,00_收件箱\抖音问AI\木果\2026-07-01_030504_63_作品63_7409434445465324811.md
239,33.7,D-低价值,股市不倒翁,"股市不倒翁：超短如何量变,三川万里红的17条语录精华总结",,https://www.douyin.com/jingxuan?modal_id=7652641696999574835,832,5,1,4,0,题材龙头,题材龙头;情绪周期;风控仓位;产业预期差,保留原料，不主动提炼,"00_收件箱\抖音问AI\股市不倒翁\2026-06-30_154241_10_股市不倒翁：超短如何量变,三川万里红的17条语录精华总结.md"
240,33.6,D-低价值,木果,作品11,7627463329644039424,https://www.douyin.com/video/7627463329644039424,1000,1,2,4,19,风控仓位,风控仓位;龙虎榜席位;题材龙头,保留原料，不主动提炼,00_收件箱\抖音问AI\木果\2026-07-01_023139_11_作品11_7627463329644039424.md
241,33.2,D-低价值,作手新一,分歧,7594624301934014921,https://www.douyin.com/video/7594624301934014921,992,4,2,2,1,情绪周期,情绪周期;量比换手;涨停后路径;集合竞价开盘;尾盘隔夜,保留原料，不主动提炼,00_收件箱\抖音问AI\作手新一\2026-07-01_021135_85_作品85_7594624301934014921.md
242,32.8,D-低价值,作手新一,反包 #股票 #股民,7644995657040508526,https://www.douyin.com/video/7644995657040508526,880,4,4,1,0,题材龙头,题材龙头;尾盘隔夜;技术形态;量比换手;集合竞价开盘,保留原料，不主动提炼,00_收件箱\抖音问AI\作手新一\2026-07-01_013332_25_作品25_7644995657040508526.md
243,32.6,D-低价值,木果,作品27,7578075651299626267,https://www.douyin.com/video/7578075651299626267,1082,2,1,0,19,龙虎榜席位,龙虎榜席位;技术形态;情绪周期,保留原料，不主动提炼,00_收件箱\抖音问AI\木果\2026-07-01_024259_27_作品27_7578075651299626267.md
244,32.6,D-低价值,木果,投机之王 -- 杰西 - 利弗莫尔,7524569542040063291,https://www.douyin.com/video/7524569542040063291,857,3,0,1,33,技术形态,技术形态;监管异动,保留原料，不主动提炼,00_收件箱\抖音问AI\木果\2026-07-01_025334_42_作品42_7524569542040063291.md
245,32.5,D-低价值,湖滨四季,普通人炒股赚大钱，就靠这两招！,7627167710912285952,https://www.douyin.com/video/7627167710912285952,1127,7,0,4,0,风控仓位,风控仓位;情绪周期,保留原料，不主动提炼,00_收件箱\抖音问AI\湖滨四季\2026-06-30_213210_29_作品29_7627167710912285952.md
246,32.5,D-低价值,湖滨四季,炒股 10 年，4 条稳赚不亏原则,7628980480393710867,https://www.douyin.com/video/7628980480393710867,1065,1,1,3,23,题材龙头,题材龙头,保留原料，不主动提炼,00_收件箱\抖音问AI\湖滨四季\2026-06-30_213132_28_作品28_7628980480393710867.md
247,32.1,D-低价值,湖滨四季,股市里的作弊手段,7570995266640170282,https://www.douyin.com/video/7570995266640170282,939,4,2,2,1,题材龙头,题材龙头;监管异动;产业预期差;情绪周期;量比换手,保留原料，不主动提炼,00_收件箱\抖音问AI\湖滨四季\2026-07-01_010050_125_作品125_7570995266640170282.md
248,32.0,D-低价值,机油手,股市生存指南,7648555554603945225,https://www.douyin.com/video/7648555554603945225,779,7,0,0,3,技术形态,技术形态;情绪周期;题材龙头;风控仓位,保留原料，不主动提炼,00_收件箱\抖音问AI\机油手\2026-06-30_133050_13_机油手：《股市生存指南》_第10课，看懂压力位和支撑位.md
249,32.0,D-低价值,湖滨四季,用一生的时间研究一只票,7579571223290580274,https://www.douyin.com/video/7579571223290580274,666,7,1,4,6,风控仓位,风控仓位;技术形态;长期价值;情绪周期;量比换手,保留原料，不主动提炼,00_收件箱\抖音问AI\湖滨四季\2026-07-01_005228_110_作品110_7579571223290580274.md
250,31.9,D-低价值,游资语录,作品7,7555371034036194596,https://www.douyin.com/video/7555371034036194596,493,5,0,22,4,风控仓位,风控仓位;涨停后路径;集合竞价开盘;龙虎榜席位,保留原料，不主动提炼,00_收件箱\抖音问AI\游资语录\2026-06-30_205828_07_作品7_7555371034036194596.md
251,31.3,D-低价值,木果,以 “段永平” 第一视角，打开把产品做对、把钱投对传奇一生,7584676764417297698,https://www.douyin.com/video/7584676764417297698,1777,1,1,0,28,长期价值,长期价值,保留原料，不主动提炼,00_收件箱\抖音问AI\木果\2026-07-01_024214_26_作品26_7584676764417297698.md
252,31.3,D-低价值,机油手,股市生存指南,7651971357458189622,https://www.douyin.com/video/7651971357458189622,821,0,3,3,12,盘口订单流,盘口订单流;量比换手;涨停后路径,保留原料，不主动提炼,00_收件箱\抖音问AI\机油手\2026-06-30_132552_07_机油手：《股市生存指南》_第17课，看懂内盘和外盘.md
253,31.2,D-低价值,湖滨四季,作品73,7601898840153325126,https://www.douyin.com/video/7601898840153325126,1141,4,1,0,4,量比换手,量比换手;题材龙头;产业预期差;情绪周期;风控仓位,保留原料，不主动提炼,00_收件箱\抖音问AI\湖滨四季\2026-06-30_220104_73_作品73_7601898840153325126.md
254,31.2,D-低价值,湖滨四季,炒股吃透 4 原则，稳稳赚复利,7641220401804086579,https://www.douyin.com/video/7641220401804086579,969,2,1,4,9,产业预期差,产业预期差;技术形态;题材龙头;风控仓位,保留原料，不主动提炼,00_收件箱\抖音问AI\湖滨四季\2026-06-30_211515_04_作品4_7641220401804086579.md
255,31.1,D-低价值,木果,以 “李长寿” 第一视角，打开负债一亿的逆袭之路,7597745086260800697,https://www.douyin.com/video/7597745086260800697,1701,1,1,0,6,产业预期差,产业预期差;技术形态;盘口订单流;龙虎榜席位,保留原料，不主动提炼,00_收件箱\抖音问AI\木果\2026-07-01_023836_21_作品21_7597745086260800697.md
256,30.9,D-低价值,作手新一,半仓对倒,7591550442456205706,https://www.douyin.com/video/7591550442456205706,703,6,1,2,5,技术形态,技术形态;风控仓位;情绪周期,保留原料，不主动提炼,00_收件箱\抖音问AI\作手新一\2026-07-01_021934_99_作品99_7591550442456205706.md
257,30.9,D-低价值,作手新一,复盘 #股民 #股票,7630900088835803850,https://www.douyin.com/video/7630900088835803850,933,2,3,4,0,题材龙头,题材龙头;涨停后路径;量比换手;龙虎榜席位,保留原料，不主动提炼,00_收件箱\抖音问AI\作手新一\2026-07-01_014936_52_作品52_7630900088835803850.md
258,30.8,D-低价值,作手新一,必须避开 #股票 #股民,7600437124907438446,https://www.douyin.com/video/7600437124907438446,699,2,2,8,6,产业预期差,产业预期差;题材龙头;长期价值;风控仓位;情绪周期,保留原料，不主动提炼,00_收件箱\抖音问AI\作手新一\2026-07-01_020002_70_作品70_7600437124907438446.md
259,30.8,D-低价值,作手新一,真相 #股民 #股票,7634231743804998601,https://www.douyin.com/video/7634231743804998601,820,6,0,2,5,情绪周期,情绪周期;风控仓位,保留原料，不主动提炼,00_收件箱\抖音问AI\作手新一\2026-07-01_014601_46_作品46_7634231743804998601.md
260,30.5,D-低价值,作手新一,买卖点,7590818611153919858,https://www.douyin.com/video/7590818611153919858,610,11,0,2,0,情绪周期,情绪周期;量比换手;产业预期差;技术形态;风控仓位,保留原料，不主动提炼,00_收件箱\抖音问AI\作手新一\2026-07-01_022045_101_作品101_7590818611153919858.md
261,30.1,D-低价值,木果,全球金融市场的质检员 — 乔治・索罗斯，是操纵市场的天才还是罪人？,7377596283114081572,https://www.douyin.com/video/7377596283114081572,1416,2,0,0,20,产业预期差,产业预期差;情绪周期;技术形态,保留原料，不主动提炼,00_收件箱\抖音问AI\木果\2026-07-01_031118_69_作品69_7377596283114081572.md
262,29.9,D-低价值,木果,以 “带出万亿巨头” 第一视角，打开白酒一哥的隐秘真相,7589999133201550641,https://www.douyin.com/video/7589999133201550641,1136,4,1,0,23,情绪周期,情绪周期,保留原料，不主动提炼,00_收件箱\抖音问AI\木果\2026-07-01_024129_25_作品25_7589999133201550641.md
263,29.6,D-低价值,作手新一,铁律,7624017271979966922,https://www.douyin.com/video/7624017271979966922,906,2,2,4,2,风控仓位,风控仓位;量比换手;情绪周期;技术形态,保留原料，不主动提炼,00_收件箱\抖音问AI\作手新一\2026-07-01_015228_57_作品57_7624017271979966922.md
264,29.3,D-低价值,作手新一,45 倍 #股票 #股民,7646740136512680046,https://www.douyin.com/video/7646740136512680046,1388,3,1,1,1,产业预期差,产业预期差;题材龙头;情绪周期;风控仓位,保留原料，不主动提炼,00_收件箱\抖音问AI\作手新一\2026-07-01_013136_22_作品22_7646740136512680046.md
265,29.3,D-低价值,作手新一,作品77,7596384528395205235,https://www.douyin.com/video/7596384528395205235,940,3,0,2,7,盘口订单流,盘口订单流;监管异动;量比换手,保留原料，不主动提炼,00_收件箱\抖音问AI\作手新一\2026-07-01_020413_77_作品77_7596384528395205235.md
266,29.0,D-低价值,湖滨四季,为什么暴跌受伤的总是你？,7571848016693333257,https://www.douyin.com/video/7571848016693333257,997,5,0,5,0,风控仓位,风控仓位;长期价值,保留原料，不主动提炼,00_收件箱\抖音问AI\湖滨四季\2026-07-01_005811_120_作品120_7571848016693333257.md
267,28.8,D-低价值,作手新一,作品92,7593418564352219098,https://www.douyin.com/video/7593418564352219098,313,8,3,0,7,量比换手,量比换手;情绪周期;技术形态;涨停后路径;题材龙头,保留原料，不主动提炼,00_收件箱\抖音问AI\作手新一\2026-07-01_021524_92_作品92_7593418564352219098.md
268,28.6,D-低价值,湖滨四季,为什么散户越跌越买,7568763649792232710,https://www.douyin.com/video/7568763649792232710,1591,1,5,2,0,技术形态,技术形态;量比换手,保留原料，不主动提炼,00_收件箱\抖音问AI\湖滨四季\2026-07-01_010427_131_作品131_7568763649792232710.md
269,28.5,D-低价值,湖滨四季,想在股市长期生存，这八条铁律值得你终身铭记！,7569553176492313899,https://www.douyin.com/video/7569553176492313899,885,2,4,3,6,量比换手,量比换手;风控仓位,保留原料，不主动提炼,00_收件箱\抖音问AI\湖滨四季\2026-07-01_010345_130_作品130_7569553176492313899.md
270,28.5,D-低价值,湖滨四季,独狼战术,7599647045578837412,https://www.douyin.com/video/7599647045578837412,903,5,3,1,0,题材龙头,题材龙头;风控仓位;集合竞价开盘,保留原料，不主动提炼,00_收件箱\抖音问AI\湖滨四季\2026-06-30_220455_79_作品79_7599647045578837412.md
271,28.4,D-低价值,作手新一,7 种 #股票# 股民,7597862943854591654,https://www.douyin.com/video/7597862943854591654,986,0,5,1,1,产业预期差,产业预期差;量比换手;题材龙头;技术形态;风控仓位,保留原料，不主动提炼,00_收件箱\抖音问AI\作手新一\2026-07-01_020300_75_作品75_7597862943854591654.md
272,28.4,D-低价值,股市不倒翁,股市不倒翁：市场模式如何进化，淡定与理性的11条语录总结,,https://www.douyin.com/jingxuan?modal_id=7640024774265064719,486,5,4,4,0,风控仓位,风控仓位;题材龙头;量比换手;产业预期差;情绪周期,保留原料，不主动提炼,00_收件箱\抖音问AI\股市不倒翁\2026-06-30_160209_37_股市不倒翁：市场模式如何进化，淡定与理性的11条语录总结.md
273,28.2,D-低价值,湖滨四季,股市稳赚的核心！高手 90% 时间只做这 4 件事！,7601141639943441664,https://www.douyin.com/video/7601141639943441664,1166,1,1,5,8,风控仓位,风控仓位;情绪周期,保留原料，不主动提炼,00_收件箱\抖音问AI\湖滨四季\2026-06-30_220221_75_作品75_7601141639943441664.md
274,28.0,D-低价值,木果,先投资再研究,7642683858916795825,https://www.douyin.com/video/7642683858916795825,1003,3,1,1,2,风控仓位,风控仓位;题材龙头;产业预期差;监管异动;长期价值,保留原料，不主动提炼,00_收件箱\抖音问AI\木果\2026-07-01_022813_06_作品6_7642683858916795825.md
275,27.9,D-低价值,木果,作品60,7411051680239734055,https://www.douyin.com/video/7411051680239734055,601,4,3,9,2,风控仓位,风控仓位;情绪周期,保留原料，不主动提炼,00_收件箱\抖音问AI\木果\2026-07-01_030324_60_作品60_7411051680239734055.md
276,27.9,D-低价值,游资语录,游资语录：如何学习判断个股的确定性,7556193345778421051,https://www.douyin.com/video/7556193345778421051,1122,3,1,0,1,龙虎榜席位,龙虎榜席位;题材龙头;产业预期差;情绪周期;涨停后路径,保留原料，不主动提炼,00_收件箱\抖音问AI\游资语录\2026-06-30_205411_03_作品3_7556193345778421051.md
277,27.3,D-低价值,湖滨四季,散户赚钱的根本，必须看懂股票规则！,7600026106636291371,https://www.douyin.com/video/7600026106636291371,954,7,0,2,0,风控仓位,风控仓位;长期价值,保留原料，不主动提炼,00_收件箱\抖音问AI\湖滨四季\2026-06-30_220415_78_作品78_7600026106636291371.md
278,27.2,D-低价值,湖滨四季,快速识别主力动向，新手必看,7564728018954898742,https://www.douyin.com/video/7564728018954898742,509,2,1,0,44,量比换手,量比换手,保留原料，不主动提炼,00_收件箱\抖音问AI\湖滨四季\2026-07-01_010645_135_作品135_7564728018954898742.md
279,27.1,D-低价值,木果,错失 10 亿商标的贡茶传承人杨丰,7596010241214703217,https://www.douyin.com/video/7596010241214703217,1261,1,1,0,18,技术形态,技术形态,保留原料，不主动提炼,00_收件箱\抖音问AI\木果\2026-07-01_023919_22_作品22_7596010241214703217.md
280,27.0,D-低价值,木果,作品24,7592322217648672042,https://www.douyin.com/video/7592322217648672042,1087,1,0,0,24,产业预期差,产业预期差,保留原料，不主动提炼,00_收件箱\抖音问AI\木果\2026-07-01_024053_24_作品24_7592322217648672042.md
281,26.7,D-低价值,作手新一,作品65,7603681624747749230,https://www.douyin.com/video/7603681624747749230,584,1,14,1,0,集合竞价开盘,集合竞价开盘;涨停后路径,保留原料，不主动提炼,00_收件箱\抖音问AI\作手新一\2026-07-01_015709_65_作品65_7603681624747749230.md
282,26.7,D-低价值,作手新一,作品73,7599513064283311945,https://www.douyin.com/video/7599513064283311945,765,6,1,1,1,技术形态,技术形态;监管异动;量比换手,保留原料，不主动提炼,00_收件箱\抖音问AI\作手新一\2026-07-01_020150_73_作品73_7599513064283311945.md
283,26.7,D-低价值,湖滨四季,五句话带你踩准牛市节奏,7557323787860053290,https://www.douyin.com/video/7557323787860053290,819,2,3,1,0,情绪周期,情绪周期;尾盘隔夜;技术形态;量比换手;风控仓位,保留原料，不主动提炼,00_收件箱\抖音问AI\湖滨四季\2026-07-01_011221_145_作品145_7557323787860053290.md
284,26.6,D-低价值,湖滨四季,股票轮动的三大底层规律,7589962990548471059,https://www.douyin.com/video/7589962990548471059,1080,0,1,0,9,题材龙头,题材龙头;产业预期差;情绪周期,保留原料，不主动提炼,00_收件箱\抖音问AI\湖滨四季\2026-06-30_221636_97_作品97_7589962990548471059.md
285,26.4,D-低价值,作手新一,作品104,7589108346504251238,https://www.douyin.com/video/7589108346504251238,696,4,4,1,5,涨停后路径,涨停后路径;量比换手;技术形态;尾盘隔夜;产业预期差,保留原料，不主动提炼,00_收件箱\抖音问AI\作手新一\2026-07-01_022232_104_作品104_7589108346504251238.md
286,25.8,D-低价值,木果,作品19,7602601154866382842,https://www.douyin.com/video/7602601154866382842,1151,0,1,0,21,情绪周期,情绪周期,保留原料，不主动提炼,00_收件箱\抖音问AI\木果\2026-07-01_023718_19_作品19_7602601154866382842.md
287,25.8,D-低价值,湖滨四季,3 月行情，只做这几类！,7614908154152783104,https://www.douyin.com/video/7614908154152783104,905,1,1,0,9,产业预期差,产业预期差;长期价值;风控仓位;盘口订单流;题材龙头,保留原料，不主动提炼,00_收件箱\抖音问AI\湖滨四季\2026-06-30_214841_55_作品55_7614908154152783104.md
288,25.3,D-低价值,游资语录,想稳定复利那就得学习别人成功的交割单,7555103319145450810,https://www.douyin.com/video/7555103319145450810,847,4,0,0,5,龙虎榜席位,龙虎榜席位;产业预期差;情绪周期;题材龙头,保留原料，不主动提炼,00_收件箱\抖音问AI\游资语录\2026-06-30_205903_08_作品8_7555103319145450810.md
289,25.2,D-低价值,木果,作品44,7485427920081620274,https://www.douyin.com/video/7485427920081620274,779,3,1,3,12,产业预期差,产业预期差,保留原料，不主动提炼,00_收件箱\抖音问AI\木果\2026-07-01_025441_44_作品44_7485427920081620274.md
290,25.1,D-低价值,湖滨四季,下跌票出这个信号，主力要拉升了！,7597427913075559695,https://www.douyin.com/video/7597427913075559695,621,6,3,1,0,量比换手,量比换手;尾盘隔夜;技术形态;涨停后路径;集合竞价开盘,保留原料，不主动提炼,00_收件箱\抖音问AI\湖滨四季\2026-06-30_220801_84_作品84_7597427913075559695.md
291,24.9,D-低价值,作手新一,翻身,7624577386763382438,https://www.douyin.com/video/7624577386763382438,572,2,3,4,5,题材龙头,题材龙头;风控仓位;量比换手;长期价值;产业预期差,保留原料，不主动提炼,00_收件箱\抖音问AI\作手新一\2026-07-01_015117_55_作品55_7624577386763382438.md
292,24.9,D-低价值,湖滨四季,作品140,7562943924889849088,https://www.douyin.com/video/7562943924889849088,390,8,1,3,1,技术形态,技术形态;量比换手;情绪周期;风控仓位,保留原料，不主动提炼,00_收件箱\抖音问AI\湖滨四季\2026-07-01_010941_140_作品140_7562943924889849088.md
293,24.6,D-低价值,作手新一,看懂主力建仓手法,7642987339145563046,https://www.douyin.com/video/7642987339145563046,1044,4,1,1,0,技术形态,技术形态;情绪周期;题材龙头,保留原料，不主动提炼,00_收件箱\抖音问AI\作手新一\2026-07-01_013752_32_作品32_7642987339145563046.md
294,24.5,D-低价值,湖滨四季,作品104,7581670019256372507,https://www.douyin.com/video/7581670019256372507,426,4,2,6,1,量比换手,量比换手;风控仓位;情绪周期;产业预期差,保留原料，不主动提炼,00_收件箱\抖音问AI\湖滨四季\2026-06-30_222034_104_作品104_7581670019256372507.md
295,24.5,D-低价值,湖滨四季,作品20,7632700448973114650,https://www.douyin.com/video/7632700448973114650,484,8,0,6,1,风控仓位,风控仓位;题材龙头,保留原料，不主动提炼,00_收件箱\抖音问AI\湖滨四季\2026-06-30_212543_20_作品20_7632700448973114650.md
296,24.2,D-低价值,作手新一,内外盘 #股票 #股民,7645360284899343526,https://www.douyin.com/video/7645360284899343526,1257,1,1,1,0,盘口订单流,盘口订单流;量比换手;技术形态,保留原料，不主动提炼,00_收件箱\抖音问AI\作手新一\2026-07-01_013250_24_作品24_7645360284899343526.md
297,24.2,D-低价值,作手新一,笨方法,7594064796011184026,https://www.douyin.com/video/7594064796011184026,748,3,2,1,0,技术形态,技术形态;长期价值;集合竞价开盘;风控仓位,保留原料，不主动提炼,00_收件箱\抖音问AI\作手新一\2026-07-01_021318_88_作品88_7594064796011184026.md
298,24.2,D-低价值,湖滨四季,10 月 8 日国庆后牛市要进入第二阶段了！# 牛市 #股票# 股市 #股份# 干货,7558538481522674963,https://www.douyin.com/video/7558538481522674963,824,0,2,2,11,题材龙头,题材龙头;产业预期差;量比换手,保留原料，不主动提炼,00_收件箱\抖音问AI\湖滨四季\2026-07-01_011120_143_作品143_7558538481522674963.md
299,24.2,D-低价值,湖滨四季,作品42,7620104423150275867,https://www.douyin.com/video/7620104423150275867,357,5,1,4,6,技术形态,技术形态;风控仓位;量比换手;情绪周期,保留原料，不主动提炼,00_收件箱\抖音问AI\湖滨四季\2026-06-30_214027_42_作品42_7620104423150275867.md
300,23.9,D-低价值,湖滨四季,一年只盯一只票，反复做 T 一直吃肉,7592555843237711147,https://www.douyin.com/video/7592555843237711147,974,1,2,2,0,技术形态,技术形态;产业预期差;情绪周期;风控仓位,保留原料，不主动提炼,00_收件箱\抖音问AI\湖滨四季\2026-06-30_221153_90_作品90_7592555843237711147.md
301,23.7,D-低价值,木果,作品38,7529508128845565219,https://www.douyin.com/video/7529508128845565219,957,2,0,2,8,情绪周期,情绪周期,保留原料，不主动提炼,00_收件箱\抖音问AI\木果\2026-07-01_025058_38_作品38_7529508128845565219.md
302,23.4,D-低价值,作手新一,离谱 #股民 #股票,7618649386549072750,https://www.douyin.com/video/7618649386549072750,867,6,1,0,0,量比换手,量比换手;技术形态,保留原料，不主动提炼,00_收件箱\抖音问AI\作手新一\2026-07-01_015532_62_作品62_7618649386549072750.md
303,23.3,D-低价值,机油手,股市生存指南,7652316122221530378,https://www.douyin.com/video/7652316122221530378,651,6,1,1,8,盘口订单流,盘口订单流;量比换手;技术形态,保留原料，不主动提炼,00_收件箱\抖音问AI\机油手\2026-06-30_132459_06_机油手：《股市生存指南》第18课_看懂主力欺骗&_内外盘实战解析.md
304,23.1,D-低价值,作手新一,笨方法 #股票 #股民,7639812734918758514,https://www.douyin.com/video/7639812734918758514,720,7,0,0,0,技术形态,技术形态;量比换手,保留原料，不主动提炼,00_收件箱\抖音问AI\作手新一\2026-07-01_014200_39_作品39_7639812734918758514.md
305,22.2,D-低价值,木果,赚翻天，金融界的传奇操作，十大顶级交易员的巅峰时刻（一）,7370319449154440460,https://www.douyin.com/video/7370319449154440460,765,2,0,1,20,情绪周期,情绪周期,保留原料，不主动提炼,00_收件箱\抖音问AI\木果\2026-07-01_031154_70_作品70_7370319449154440460.md
306,22.1,D-低价值,作手新一,定律 #股票 #股民,7632506156649208027,https://www.douyin.com/video/7632506156649208027,651,2,4,4,3,技术形态,技术形态;量比换手;风控仓位,保留原料，不主动提炼,00_收件箱\抖音问AI\作手新一\2026-07-01_014746_49_作品49_7632506156649208027.md
307,22.1,D-低价值,作手新一,阅读市场 理解市场,7642806748516641418,https://www.douyin.com/video/7642806748516641418,684,2,1,2,4,长期价值,长期价值;题材龙头;技术形态;量比换手;风控仓位,保留原料，不主动提炼,00_收件箱\抖音问AI\作手新一\2026-07-01_011757_01_作品1_7642806748516641418.md
308,21.5,D-低价值,木果,作品41,7525409287548538127,https://www.douyin.com/video/7525409287548538127,2055,1,0,7,9,未识别,,保留原料，不主动提炼,00_收件箱\抖音问AI\木果\2026-07-01_025258_41_作品41_7525409287548538127.md
309,21.5,D-低价值,湖滨四季,底量超顶量，轻松拿下第一个 100 万,7638949408125635876,https://www.douyin.com/video/7638949408125635876,538,6,3,2,10,量比换手,量比换手,保留原料，不主动提炼,00_收件箱\抖音问AI\湖滨四季\2026-06-30_211629_06_作品6_7638949408125635876.md
310,21.4,D-低价值,股市不倒翁,周五市场变天，资金去哪儿了？,7646025899418094883,https://www.douyin.com/video/7646025899418094883,738,2,0,3,0,题材龙头,题材龙头;情绪周期;产业预期差;尾盘隔夜;涨停后路径,保留原料，不主动提炼,00_收件箱\抖音问AI\股市不倒翁\2026-06-30_200938_26_周五市场变天_资金去哪儿了.md
311,20.9,D-低价值,作手新一,作品34,7641652334599335602,https://www.douyin.com/video/7641652334599335602,671,4,3,1,6,技术形态,技术形态;量比换手;风控仓位,保留原料，不主动提炼,00_收件箱\抖音问AI\作手新一\2026-07-01_013901_34_作品34_7641652334599335602.md
312,20.5,D-低价值,湖滨四季,作品122,7571845034643885363,https://www.douyin.com/video/7571845034643885363,377,4,3,4,2,题材龙头,题材龙头;量比换手;风控仓位,保留原料，不主动提炼,00_收件箱\抖音问AI\湖滨四季\2026-07-01_005914_122_作品122_7571845034643885363.md
313,20.1,D-低价值,机油手,股市生存指南,7646087800965582123,https://www.douyin.com/video/7646087800965582123,504,0,8,1,3,尾盘隔夜,尾盘隔夜;集合竞价开盘;情绪周期;技术形态,保留原料，不主动提炼,00_收件箱\抖音问AI\机油手\2026-06-30_133435_17_机油手：《股市生存指南》_第6课，看懂K线信息.md
314,19.6,D-低价值,湖滨四季,我如何扭亏拿得住？守住筹码不卖飞的核心心得！,7616366619891158315,https://www.douyin.com/video/7616366619891158315,617,1,2,4,1,风控仓位,风控仓位;长期价值;情绪周期;技术形态;题材龙头,保留原料，不主动提炼,00_收件箱\抖音问AI\湖滨四季\2026-06-30_214607_51_作品51_7616366619891158315.md
315,19.5,D-低价值,作手新一,铁律,7594996678613929906,https://www.douyin.com/video/7594996678613929906,694,3,2,4,6,风控仓位,风控仓位;量比换手,保留原料，不主动提炼,00_收件箱\抖音问AI\作手新一\2026-07-01_021022_83_作品83_7594996678613929906.md
316,19.4,D-低价值,木果,以 “吉姆・西蒙斯” 第一视角，打开量化交易之父传奇人生,7528799853606931751,https://www.douyin.com/video/7528799853606931751,1105,2,2,0,5,情绪周期,情绪周期,保留原料，不主动提炼,00_收件箱\抖音问AI\木果\2026-07-01_025138_39_作品39_7528799853606931751.md
317,18.8,D-低价值,作手新一,作品82,7595010678064013554,https://www.douyin.com/video/7595010678064013554,893,0,0,0,17,产业预期差,产业预期差;技术形态,保留原料，不主动提炼,00_收件箱\抖音问AI\作手新一\2026-07-01_020949_82_作品82_7595010678064013554.md
318,18.8,D-低价值,作手新一,节奏 #股民,7590401477617935795,https://www.douyin.com/video/7590401477617935795,840,0,0,1,2,产业预期差,产业预期差;题材龙头;情绪周期;技术形态,保留原料，不主动提炼,00_收件箱\抖音问AI\作手新一\2026-07-01_022156_103_作品103_7590401477617935795.md
319,18.6,D-低价值,木果,郑光先：让一瓶酒成为一个时代,7575082608179372145,https://www.douyin.com/video/7575082608179372145,1278,3,0,1,0,技术形态,技术形态,保留原料，不主动提炼,00_收件箱\抖音问AI\木果\2026-07-01_024409_29_作品29_7575082608179372145.md
320,18.5,D-低价值,木果,作品14,7620116542151298346,https://www.douyin.com/video/7620116542151298346,1061,0,1,0,4,产业预期差,产业预期差,保留原料，不主动提炼,00_收件箱\抖音问AI\木果\2026-07-01_023358_14_作品14_7620116542151298346.md
321,18.3,D-低价值,湖滨四季,新手必看 7 句口诀，当祖训背下来！,7581655977095662875,https://www.douyin.com/video/7581655977095662875,614,2,5,2,1,量比换手,量比换手;风控仓位;长期价值,保留原料，不主动提炼,00_收件箱\抖音问AI\湖滨四季\2026-06-30_222154_106_作品106_7581655977095662875.md
322,18.2,D-低价值,木果,世界顶级交易大师：牌桌上的赢家，他们如何看待投资交易,7446713172767067452,https://www.douyin.com/video/7446713172767067452,624,1,1,6,5,情绪周期,情绪周期;风控仓位;长期价值,保留原料，不主动提炼,00_收件箱\抖音问AI\木果\2026-07-01_030058_56_作品56_7446713172767067452.md
323,17.9,D-低价值,湖滨四季,作品9,7638599869963259162,https://www.douyin.com/video/7638599869963259162,326,2,0,4,10,风控仓位,风控仓位;情绪周期;题材龙头;长期价值,保留原料，不主动提炼,00_收件箱\抖音问AI\湖滨四季\2026-06-30_211821_09_作品9_7638599869963259162.md
324,17.1,D-低价值,作手新一,越跌越买 #股票 #股民交流,7631725396783162214,https://www.douyin.com/video/7631725396783162214,956,0,2,1,7,量比换手,量比换手,保留原料，不主动提炼,00_收件箱\抖音问AI\作手新一\2026-07-01_014900_51_作品51_7631725396783162214.md
325,17.0,D-低价值,作手新一,作品72,7599737090348578226,https://www.douyin.com/video/7599737090348578226,674,2,1,2,0,量比换手,量比换手;技术形态;产业预期差;情绪周期;风控仓位,保留原料，不主动提炼,00_收件箱\抖音问AI\作手新一\2026-07-01_020115_72_作品72_7599737090348578226.md
326,16.7,D-低价值,湖滨四季,这样的散户让庄害怕,7571715914618440970,https://www.douyin.com/video/7571715914618440970,605,4,2,2,0,情绪周期,情绪周期;风控仓位;长期价值,保留原料，不主动提炼,00_收件箱\抖音问AI\湖滨四季\2026-07-01_005944_123_作品123_7571715914618440970.md
327,16.6,D-低价值,游资语录,作品2,7557570468526460210,https://www.douyin.com/video/7557570468526460210,502,1,0,6,9,风控仓位,风控仓位;情绪周期,保留原料，不主动提炼,00_收件箱\抖音问AI\游资语录\2026-06-30_205333_02_作品2_7557570468526460210.md
328,16.5,D-低价值,湖滨四季,散户怎么才能不亏损？做个让主力头痛的人！,7587808953644453126,https://www.douyin.com/video/7587808953644453126,641,4,0,2,11,情绪周期,情绪周期;题材龙头,保留原料，不主动提炼,00_收件箱\抖音问AI\湖滨四季\2026-06-30_221748_99_作品99_7587808953644453126.md
329,16.3,D-低价值,作手新一,作品69,7601211187506439342,https://www.douyin.com/video/7601211187506439342,473,5,2,1,0,量比换手,量比换手;技术形态;风控仓位,保留原料，不主动提炼,00_收件箱\抖音问AI\作手新一\2026-07-01_015927_69_作品69_7601211187506439342.md
330,16.3,D-低价值,木果,作品16,7616565526325133945,https://www.douyin.com/video/7616565526325133945,516,0,1,0,18,情绪周期,情绪周期;产业预期差;盘口订单流,保留原料，不主动提炼,00_收件箱\抖音问AI\木果\2026-07-01_023525_16_作品16_7616565526325133945.md
331,16.0,D-低价值,股市不倒翁,股市不倒翁：短线投机大神asking的76条成长语录,,https://www.douyin.com/jingxuan?modal_id=7555412512192073010,351,6,0,0,3,题材龙头,题材龙头;风控仓位;技术形态;量比换手,保留原料，不主动提炼,00_收件箱\抖音问AI\股市不倒翁\2026-06-30_160724_46_股市不倒翁：短线投机大神asking的76条成长语录.md
332,15.9,D-低价值,湖滨四季,作品49,7617509138620222754,https://www.douyin.com/video/7617509138620222754,408,2,1,5,2,技术形态,技术形态;风控仓位;情绪周期,保留原料，不主动提炼,00_收件箱\抖音问AI\湖滨四季\2026-06-30_214452_49_作品49_7617509138620222754.md
333,15.6,D-低价值,作手新一,作品19,7648502614041257098,https://www.douyin.com/video/7648502614041257098,623,4,3,2,4,风控仓位,风控仓位,保留原料，不主动提炼,00_收件箱\抖音问AI\作手新一\2026-07-01_012930_19_作品19_7648502614041257098.md
334,15.5,D-低价值,湖滨四季,股市的三大基本定律，看懂少走 3 年弯路！,7579121482618522906,https://www.douyin.com/video/7579121482618522906,606,3,1,0,1,情绪周期,情绪周期;题材龙头;技术形态;量比换手;长期价值,保留原料，不主动提炼,00_收件箱\抖音问AI\湖滨四季\2026-07-01_005447_114_作品114_7579121482618522906.md
335,15.4,D-低价值,湖滨四季,散户炒股一定要关注的一个重要指标,7571846062705544499,https://www.douyin.com/video/7571846062705544499,533,7,1,1,3,技术形态,技术形态,保留原料，不主动提炼,00_收件箱\抖音问AI\湖滨四季\2026-07-01_005843_121_作品121_7571846062705544499.md
336,15.3,D-低价值,作手新一,买卖点,7638784821728946314,https://www.douyin.com/video/7638784821728946314,569,6,1,1,0,量比换手,量比换手;风控仓位,保留原料，不主动提炼,00_收件箱\抖音问AI\作手新一\2026-07-01_014307_41_作品41_7638784821728946314.md
337,14.9,D-低价值,作手新一,画线,7604534775584416115,https://www.douyin.com/video/7604534775584416115,529,5,1,1,0,技术形态,技术形态;量比换手;风控仓位,保留原料，不主动提炼,00_收件箱\抖音问AI\作手新一\2026-07-01_015639_64_作品64_7604534775584416115.md
338,14.3,D-低价值,作手新一,作品40,7639385034173407858,https://www.douyin.com/video/7639385034173407858,760,3,0,0,2,情绪周期,情绪周期,保留原料，不主动提炼,00_收件箱\抖音问AI\作手新一\2026-07-01_014234_40_作品40_7639385034173407858.md
339,14.2,D-低价值,作手新一,作品102,7590712542093559195,https://www.douyin.com/video/7590712542093559195,690,1,2,2,0,量比换手,量比换手;题材龙头;风控仓位;产业预期差,保留原料，不主动提炼,00_收件箱\抖音问AI\作手新一\2026-07-01_022118_102_作品102_7590712542093559195.md
340,14.2,D-低价值,木果,作品30,7571216434173381942,https://www.douyin.com/video/7571216434173381942,407,0,0,0,28,龙虎榜席位,龙虎榜席位,保留原料，不主动提炼,00_收件箱\抖音问AI\木果\2026-07-01_024443_30_作品30_7571216434173381942.md
341,14.0,D-低价值,作手新一,自救 #股民 #股票,7619774035837477478,https://www.douyin.com/video/7619774035837477478,629,4,0,2,0,量比换手,量比换手;风控仓位;技术形态,保留原料，不主动提炼,00_收件箱\抖音问AI\作手新一\2026-07-01_015456_61_作品61_7619774035837477478.md
342,14.0,D-低价值,湖滨四季,在这个市场上，强者恒强,7574440306100243727,https://www.douyin.com/video/7574440306100243727,808,0,0,3,2,风控仓位,风控仓位,保留原料，不主动提炼,00_收件箱\抖音问AI\湖滨四季\2026-07-01_005737_119_作品119_7574440306100243727.md
343,13.6,D-低价值,湖滨四季,作品144,7558033160249609508,https://www.douyin.com/video/7558033160249609508,303,3,1,1,4,产业预期差,产业预期差;题材龙头;技术形态;风控仓位,保留原料，不主动提炼,00_收件箱\抖音问AI\湖滨四季\2026-07-01_011147_144_作品144_7558033160249609508.md
344,13.2,D-低价值,作手新一,进场,7593903327818280155,https://www.douyin.com/video/7593903327818280155,666,5,1,0,0,技术形态,技术形态;量比换手,保留原料，不主动提炼,00_收件箱\抖音问AI\作手新一\2026-07-01_021349_89_作品89_7593903327818280155.md
345,12.8,D-低价值,湖滨四季,作品101,7587069419042491686,https://www.douyin.com/video/7587069419042491686,381,3,1,1,0,题材龙头,题材龙头;风控仓位;技术形态;情绪周期,保留原料，不主动提炼,00_收件箱\抖音问AI\湖滨四季\2026-06-30_221850_101_作品101_7587069419042491686.md
346,12.6,D-低价值,作手新一,最好职业 #股民# 股票,7591933704877930355,https://www.douyin.com/video/7591933704877930355,723,1,1,1,0,长期价值,长期价值,保留原料，不主动提炼,00_收件箱\抖音问AI\作手新一\2026-07-01_021750_96_作品96_7591933704877930355.md
347,12.6,D-低价值,木果,作品15,7617569411104378147,https://www.douyin.com/video/7617569411104378147,850,0,1,0,0,龙虎榜席位,龙虎榜席位;量比换手,保留原料，不主动提炼,00_收件箱\抖音问AI\木果\2026-07-01_023453_15_作品15_7617569411104378147.md
348,12.5,D-低价值,游资语录,做短线讲的就是纠错应变能力，你有没有做到？,7554196037397663039,https://www.douyin.com/video/7554196037397663039,589,2,1,1,1,题材龙头,题材龙头;龙虎榜席位;情绪周期;技术形态,保留原料，不主动提炼,00_收件箱\抖音问AI\游资语录\2026-06-30_210125_12_作品12_7554196037397663039.md
349,12.3,D-低价值,木果,作品18,7603705879007420517,https://www.douyin.com/video/7603705879007420517,536,0,0,0,22,情绪周期,情绪周期,保留原料，不主动提炼,00_收件箱\抖音问AI\木果\2026-07-01_023642_18_作品18_7603705879007420517.md
350,12.2,D-低价值,湖滨四季,炒股顶级心法，一辈子死磕一只票,7614151980931484971,https://www.douyin.com/video/7614151980931484971,510,2,0,3,2,风控仓位,风控仓位;情绪周期;长期价值,保留原料，不主动提炼,00_收件箱\抖音问AI\湖滨四季\2026-06-30_214957_57_作品57_7614151980931484971.md
351,11.8,D-低价值,股市不倒翁,三川万里红总结 17 条超短交易核心语录 覆盖交易纪律、市场认知、悟道方,7652641696999574835,https://www.douyin.com/video/7652641696999574835,546,2,0,1,5,题材龙头,题材龙头;情绪周期;风控仓位,保留原料，不主动提炼,00_收件箱\抖音问AI\股市不倒翁\2026-06-30_195517_11_三川万里红总结_17_条超短交易核心语录_覆盖交易纪律、市场认知、悟道方.md
352,10.8,D-低价值,股市不倒翁,不颜不语自述两次破产到悟道的成长心路历程,7562095848939752767,https://www.douyin.com/video/7562095848939752767,685,0,2,0,15,情绪周期,情绪周期;产业预期差;题材龙头,保留原料，不主动提炼,00_收件箱\抖音问AI\股市不倒翁\2026-06-30_202701_43_作品43_7562095848939752767.md
353,10.7,D-低价值,作手新一,假信号,7624993027765788251,https://www.douyin.com/video/7624993027765788251,676,4,0,0,0,盘口订单流,盘口订单流;量比换手,保留原料，不主动提炼,00_收件箱\抖音问AI\作手新一\2026-07-01_015044_54_作品54_7624993027765788251.md
354,10.3,D-低价值,木果,关于顶级交易员天赋的理解,7397924807964200233,https://www.douyin.com/video/7397924807964200233,542,0,0,4,4,风控仓位,风控仓位,保留原料，不主动提炼,00_收件箱\抖音问AI\木果\2026-07-01_030934_66_作品66_7397924807964200233.md
355,9.8,D-低价值,木果,作品43,7488515244516461833,https://www.douyin.com/video/7488515244516461833,598,2,1,0,4,题材龙头,题材龙头,保留原料，不主动提炼,00_收件箱\抖音问AI\木果\2026-07-01_025406_43_作品43_7488515244516461833.md
356,9.2,D-低价值,作手新一,放量缩量,7591933366363788122,https://www.douyin.com/video/7591933366363788122,474,1,4,1,0,量比换手,量比换手,保留原料，不主动提炼,00_收件箱\抖音问AI\作手新一\2026-07-01_021819_97_作品97_7591933366363788122.md
357,8.9,D-低价值,湖滨四季,选题材股的 4 个硬标准，不当接盘侠！,7581671378558930227,https://www.douyin.com/video/7581671378558930227,601,0,0,2,2,题材龙头,题材龙头;产业预期差;量比换手,保留原料，不主动提炼,00_收件箱\抖音问AI\湖滨四季\2026-06-30_221924_102_作品102_7581671378558930227.md
358,8.8,D-低价值,木果,作品46,7484283661597117756,https://www.douyin.com/video/7484283661597117756,699,1,0,1,13,长期价值,长期价值,保留原料，不主动提炼,00_收件箱\抖音问AI\木果\2026-07-01_025546_46_作品46_7484283661597117756.md
359,8.8,D-低价值,木果,作品9,7633044970489065585,https://www.douyin.com/video/7633044970489065585,854,2,0,3,9,未识别,,保留原料，不主动提炼,00_收件箱\抖音问AI\木果\2026-07-01_023016_09_作品9_7633044970489065585.md
360,8.7,D-低价值,作手新一,头铁 #股民 #股票,7596250922420308827,https://www.douyin.com/video/7596250922420308827,621,1,2,0,0,长期价值,长期价值;风控仓位;产业预期差,保留原料，不主动提炼,00_收件箱\抖音问AI\作手新一\2026-07-01_020446_78_作品78_7596250922420308827.md
361,8.7,D-低价值,木果,股票作手回忆录,7482761401312775483,https://www.douyin.com/video/7482761401312775483,651,3,0,2,2,风控仓位,风控仓位,保留原料，不主动提炼,00_收件箱\抖音问AI\木果\2026-07-01_025725_49_作品49_7482761401312775483.md
362,8.4,D-低价值,湖滨四季,作品115,7576585747365432591,https://www.douyin.com/video/7576585747365432591,266,2,5,3,4,涨停后路径,涨停后路径;技术形态;集合竞价开盘,保留原料，不主动提炼,00_收件箱\抖音问AI\湖滨四季\2026-07-01_005514_115_作品115_7576585747365432591.md
363,8.1,D-低价值,湖滨四季,11 年交易生涯悟透炒股的终极状态,7587069843506072859,https://www.douyin.com/video/7587069843506072859,467,0,0,5,1,情绪周期,情绪周期;风控仓位,保留原料，不主动提炼,00_收件箱\抖音问AI\湖滨四季\2026-06-30_221820_100_作品100_7587069843506072859.md
364,8.1,D-低价值,湖滨四季,三条选股纪律，必须遵守,7563209254472060211,https://www.douyin.com/video/7563209254472060211,508,0,0,0,0,题材龙头,题材龙头;风控仓位;技术形态;情绪周期;量比换手,保留原料，不主动提炼,00_收件箱\抖音问AI\湖滨四季\2026-07-01_010910_139_作品139_7563209254472060211.md
365,7.9,D-低价值,股市不倒翁,作品50,7549132539139542307,https://www.douyin.com/video/7549132539139542307,387,5,1,2,2,风控仓位,风控仓位,保留原料，不主动提炼,00_收件箱\抖音问AI\股市不倒翁\2026-06-30_203359_50_作品50_7549132539139542307.md
366,7.9,D-低价值,股市不倒翁,这些炒股经验直接指向散户常见的交易误区,7645222449008741684,https://www.douyin.com/video/7645222449008741684,374,2,0,3,3,题材龙头,题材龙头;风控仓位;情绪周期,保留原料，不主动提炼,00_收件箱\抖音问AI\股市不倒翁\2026-06-30_201007_27_这些炒股经验直接指向散户常见的交易误区.md
367,7.5,D-低价值,湖滨四季,7 条黄金铁律,7556530953935605051,https://www.douyin.com/video/7556530953935605051,465,0,1,0,9,量比换手,量比换手,保留原料，不主动提炼,00_收件箱\抖音问AI\湖滨四季\2026-07-01_011253_146_作品146_7556530953935605051.md
368,5.2,D-低价值,木果,作品48,7483727115439934780,https://www.douyin.com/video/7483727115439934780,462,1,0,3,2,风控仓位,风控仓位,保留原料，不主动提炼,00_收件箱\抖音问AI\木果\2026-07-01_025654_48_作品48_7483727115439934780.md
369,5.1,D-低价值,作手新一,紧跟 #股民 #股票,7603448759049995187,https://www.douyin.com/video/7603448759049995187,522,0,2,1,0,尾盘隔夜,尾盘隔夜;集合竞价开盘,保留原料，不主动提炼,00_收件箱\抖音问AI\作手新一\2026-07-01_015740_66_作品66_7603448759049995187.md
370,4.4,D-低价值,木果,作品28,7575611256535551278,https://www.douyin.com/video/7575611256535551278,324,2,1,0,5,技术形态,技术形态,保留原料，不主动提炼,00_收件箱\抖音问AI\木果\2026-07-01_024327_28_作品28_7575611256535551278.md
371,4.3,D-低价值,木果,作品45,7485053163452501308,https://www.douyin.com/video/7485053163452501308,505,1,1,0,1,产业预期差,产业预期差;情绪周期,保留原料，不主动提炼,00_收件箱\抖音问AI\木果\2026-07-01_025514_45_作品45_7485053163452501308.md
372,3.9,D-低价值,木果,作品12,7625983488681288369,https://www.douyin.com/video/7625983488681288369,812,1,0,0,13,未识别,,保留原料，不主动提炼,00_收件箱\抖音问AI\木果\2026-07-01_023216_12_作品12_7625983488681288369.md
373,3.9,D-低价值,湖滨四季,选股思路,7562589133865880851,https://www.douyin.com/video/7562589133865880851,525,1,1,0,0,题材龙头,题材龙头;风控仓位,保留原料，不主动提炼,00_收件箱\抖音问AI\湖滨四季\2026-07-01_011012_141_作品141_7562589133865880851.md
374,3.4,D-低价值,木果,当幸福来敲门,7475156523962961212,https://www.douyin.com/video/7475156523962961212,534,1,0,2,0,情绪周期,情绪周期,保留原料，不主动提炼,00_收件箱\抖音问AI\木果\2026-07-01_025855_52_作品52_7475156523962961212.md
375,2.8,D-低价值,木果,我不知道，但好想赢一次,7383842450646797622,https://www.douyin.com/video/7383842450646797622,608,4,0,2,4,未识别,,保留原料，不主动提炼,00_收件箱\抖音问AI\木果\2026-07-01_031038_68_作品68_7383842450646797622.md
376,2.6,D-低价值,湖滨四季,作品129,7569619843230534931,https://www.douyin.com/video/7569619843230534931,289,3,1,6,0,风控仓位,风控仓位,保留原料，不主动提炼,00_收件箱\抖音问AI\湖滨四季\2026-07-01_010309_129_作品129_7569619843230534931.md
377,2.2,D-低价值,作手新一,什么是指数 #股民,7651679346024784806,https://www.douyin.com/video/7651679346024784806,772,0,1,1,7,未识别,,保留原料，不主动提炼,00_收件箱\抖音问AI\作手新一\2026-07-01_012501_12_作品12_7651679346024784806.md
378,2.2,D-低价值,木果,The Rule,7482409548138024252,https://www.douyin.com/video/7482409548138024252,446,2,2,6,2,未识别,,保留原料，不主动提炼,00_收件箱\抖音问AI\木果\2026-07-01_025754_50_作品50_7482409548138024252.md
379,2.1,D-低价值,木果,安全边际,7483925400695901497,https://www.douyin.com/video/7483925400695901497,768,1,0,2,3,未识别,,保留原料，不主动提炼,00_收件箱\抖音问AI\木果\2026-07-01_025622_47_作品47_7483925400695901497.md
380,2.0,D-低价值,木果,作品32,7548228733765717267,https://www.douyin.com/video/7548228733765717267,417,0,0,0,5,情绪周期,情绪周期;龙虎榜席位,保留原料，不主动提炼,00_收件箱\抖音问AI\木果\2026-07-01_024604_32_作品32_7548228733765717267.md
381,1.6,D-低价值,湖滨四季,作品67,7605975057524919604,https://www.douyin.com/video/7605975057524919604,279,5,1,0,0,涨停后路径,涨停后路径;量比换手;集合竞价开盘,保留原料，不主动提炼,00_收件箱\抖音问AI\湖滨四季\2026-06-30_215626_67_作品67_7605975057524919604.md
382,1.1,D-低价值,湖滨四季,如果去年 9 月份就懂这份量价关系，也就不用交这么多学费,7571396626091167017,https://www.douyin.com/video/7571396626091167017,440,1,0,0,1,量比换手,量比换手,保留原料，不主动提炼,00_收件箱\抖音问AI\湖滨四季\2026-07-01_010015_124_作品124_7571396626091167017.md
383,0.4,D-低价值,木果,永远要相信自己 #交易员# 华尔街 #投资# 金融常识,7455261687957032249,https://www.douyin.com/video/7455261687957032249,597,0,0,1,0,技术形态,技术形态,保留原料，不主动提炼,00_收件箱\抖音问AI\木果\2026-07-01_025955_54_作品54_7455261687957032249.md
384,0.3,D-低价值,木果,金融危机回顾：顶级交易员的巅峰时刻与市场传说,7396829772157816118,https://www.douyin.com/video/7396829772157816118,804,1,0,0,5,未识别,,保留原料，不主动提炼,00_收件箱\抖音问AI\木果\2026-07-01_031007_67_作品67_7396829772157816118.md
385,0.0,D-低价值,作手新一,作品6,7655556604575058779,https://www.douyin.com/video/7655556604575058779,261,0,0,3,0,风控仓位,风控仓位,保留原料，不主动提炼,00_收件箱\抖音问AI\作手新一\2026-07-01_012109_06_作品6_7655556604575058779.md
386,0.0,D-低价值,作手新一,心态 #股民 #股票,7637872579525071050,https://www.douyin.com/video/7637872579525071050,654,2,0,4,0,未识别,,保留原料，不主动提炼,00_收件箱\抖音问AI\作手新一\2026-07-01_014413_43_作品43_7637872579525071050.md
387,0.0,D-低价值,木果,作品4,7647738667654706801,https://www.douyin.com/video/7647738667654706801,485,1,1,0,4,未识别,,保留原料，不主动提炼,00_收件箱\抖音问AI\木果\2026-07-01_022645_04_作品4_7647738667654706801.md
388,0.0,D-低价值,木果,作品53,7457859998979345724,https://www.douyin.com/video/7457859998979345724,258,1,0,3,2,风控仓位,风控仓位;情绪周期,保留原料，不主动提炼,00_收件箱\抖音问AI\木果\2026-07-01_025922_53_作品53_7457859998979345724.md
389,0.0,D-低价值,木果,作品57,7444565691195215164,https://www.douyin.com/video/7444565691195215164,293,4,0,5,1,未识别,,保留原料，不主动提炼,00_收件箱\抖音问AI\木果\2026-07-01_030124_57_作品57_7444565691195215164.md
390,0.0,D-低价值,木果,作品64,7408591021879184703,https://www.douyin.com/video/7408591021879184703,213,0,0,0,0,未识别,,保留原料，不主动提炼,00_收件箱\抖音问AI\木果\2026-07-01_030825_64_作品64_7408591021879184703.md
391,0.0,D-低价值,木果,小张别吸了,7657050299753140863,https://www.douyin.com/video/7657050299753140863,270,0,0,0,2,未识别,,保留原料，不主动提炼,00_收件箱\抖音问AI\木果\2026-07-01_031232_72_作品72_7657050299753140863.md
392,0.0,D-低价值,木果,市场没有捷径，只有无数次的选择与付出,7449947241818688826,https://www.douyin.com/video/7449947241818688826,589,1,0,0,0,未识别,,保留原料，不主动提炼,00_收件箱\抖音问AI\木果\2026-07-01_030026_55_作品55_7449947241818688826.md
393,0.0,D-低价值,木果,很多时候，交易并不需要多聪明,7528323580757642535,https://www.douyin.com/video/7528323580757642535,375,0,0,0,0,情绪周期,情绪周期;风控仓位,保留原料，不主动提炼,00_收件箱\抖音问AI\木果\2026-07-01_025207_40_作品40_7528323580757642535.md
394,0.0,D-低价值,木果,那些来自 “顶级交易员” 的经验和智慧（二）,7409805394836573494,https://www.douyin.com/video/7409805394836573494,613,2,0,2,0,未识别,,保留原料，不主动提炼,00_收件箱\抖音问AI\木果\2026-07-01_030431_62_作品62_7409805394836573494.md
395,0.0,D-低价值,机油手,股市生存指南 第一课：股票到底是什么？,7644469371661847823,https://www.douyin.com/video/7644469371661847823,716,0,1,0,3,未识别,,保留原料，不主动提炼,00_收件箱\抖音问AI\机油手\2026-06-30_133943_22_机油手：股市生存指南_第一课，股票到底是什么.md
396,0.0,D-低价值,湖滨四季,作品112,7579570702320143626,https://www.douyin.com/video/7579570702320143626,273,1,0,0,0,技术形态,技术形态;产业预期差;情绪周期;龙虎榜席位,保留原料，不主动提炼,00_收件箱\抖音问AI\湖滨四季\2026-07-01_005333_112_作品112_7579570702320143626.md
397,0.0,D-低价值,湖滨四季,作品147,7549460659437899060,https://www.douyin.com/video/7549460659437899060,154,0,0,0,4,未识别,,保留原料，不主动提炼,00_收件箱\抖音问AI\湖滨四季\2026-07-01_011614_147_作品147_7549460659437899060.md
398,0.0,D-低价值,湖滨四季,想在股市盈利，保持敬畏之心很重要,7579572543024057627,https://www.douyin.com/video/7579572543024057627,519,2,0,3,0,未识别,,保留原料，不主动提炼,00_收件箱\抖音问AI\湖滨四季\2026-07-01_005118_108_作品108_7579572543024057627.md
399,0.0,D-低价值,股市不倒翁,作品44,7560612383803133225,https://www.douyin.com/video/7560612383803133225,255,2,0,0,0,题材龙头,题材龙头;情绪周期;产业预期差;龙虎榜席位,保留原料，不主动提炼,00_收件箱\抖音问AI\股市不倒翁\2026-06-30_203022_44_作品44_7560612383803133225.md
400,0.0,D-低价值,股市不倒翁,作品49,7549505576581991732,https://www.douyin.com/video/7549505576581991732,275,1,0,2,0,情绪周期,情绪周期;题材龙头;风控仓位,保留原料，不主动提炼,00_收件箱\抖音问AI\股市不倒翁\2026-06-30_203328_49_作品49_7549505576581991732.md
401,0.0,D-低价值,股市不倒翁,股市不倒翁：5.1 日小结,7641217777105259828,https://www.douyin.com/video/7641217777105259828,298,1,0,0,5,产业预期差,产业预期差,保留原料，不主动提炼,00_收件箱\抖音问AI\股市不倒翁\2026-06-30_202359_37_作品37_7641217777105259828.md
